index,Sek_1,Sek_2,Sek_3,Sek_4,Sek_5,Sek_6,Sek_7,Sek_8,Sek_9,Sek_10,Sek_11,Sek_12,Sek_13,Sek_14,Sek_15,Sek_16,Sek_17,Sek_18,Sek_19,Sek_20,Sek_21,Sek_22,Sek_23,Sek_24,Sek_25,Sek_26,Sek_27,Sek_28,Sek_29,Sek_30,Sek_31,Sek_32,Sek_33,Sek_34,Sek_35,Sek_36,Sek_37,Sek_38,Sek_39,Sek_40,Sek_41,Sek_42,Sek_43,Sek_44,Sek_45,Sek_46,Sek_47,Sek_48,Sek_49,Sek_50,Sek_51,Sek_52,Sek_53,Sek_54,Sek_55,Sek_56,Sek_57,Sek_58,Sek_59,Sek_60,Sek_61,Sek_62,Sek_63,Sek_64,Toplam Uretim,Ä°thalat,Toplam Arz
Urun_1,170616485.27,0.00,0.00,0.00,0.00,0.00,0.00,0.00,0.00,0.00,0.00,0.00,0.00,0.00,0.00,0.00,0.00,0.00,0.00,0.00,0.00,0.00,0.00,0.00,0.00,0.00,0.00,0.00,0.00,0.00,0.00,0.00,0.00,0.00,0.00,0.00,0.00,0.00,0.00,0.00,0.00,0.00,0.00,0.00,0.00,0.00,0.00,0.00,0.00,0.00,0.00,0.00,0.00,0.00,0.00,0.00,0.00,0.00,0.00,0.00,0.00,0.00,0.00,0.00,170616485.27,13646013.13,184262498.40
Urun_2,0.00,4226521.79,0.00,0.00,0.00,0.00,0.00,0.00,0.00,0.00,0.00,0.00,0.00,0.00,0.00,0.00,0.00,0.00,0.00,0.00,0.00,0.00,0.00,0.00,0.00,0.00,0.00,0.00,0.00,0.00,0.00,0.00,0.00,0.00,0.00,0.00,0.00,0.00,0.00,0.00,0.00,0.00,0.00,0.00,0.00,0.00,0.00,0.00,0.00,0.00,0.00,0.00,0.00,0.00,0.00,0.00,0.00,0.00,0.00,0.00,0.00,0.00,0.00,0.00,4226521.79,286117.32,4512639.11
Urun_3,0.00,188.02,3901474.93,0.00,0.00,0.00,0.00,0.00,0.00,0.00,0.00,0.00,0.00,0.00,0.00,0.00,0.00,0.00,0.00,0.00,0.00,0.00,0.00,0.00,0.00,0.00,0.00,0.00,0.00,0.00,0.00,0.00,0.00,0.00,0.00,0.00,0.00,0.00,0.00,0.00,0.00,0.00,0.00,0.00,0.00,0.00,0.00,0.00,0.00,0.00,0.00,0.00,0.00,0.00,0.00,0.00,0.00,0.00,0.00,0.00,0.00,0.00,0.00,0.00,3901662.95,101476.14,4003139.09
Urun_4,0.00,0.00,0.00,28110945.93,25671.91,0.00,0.00,0.00,0.00,5455.00,223271.14,0.00,0.00,1394346.26,227399.27,717.24,0.00,0.00,1963.94,0.00,0.00,493.15,0.00,743225.77,0.00,53509.09,1681567.25,0.00,151233.82,50962.86,38762.70,125.52,0.00,14940.74,0.00,0.00,0.00,0.00,0.00,0.00,0.00,0.00,0.00,0.00,0.00,5490.01,0.00,0.00,9.65,0.00,7268.06,1250.87,0.00,0.00,0.00,0.00,0.00,0.00,0.00,0.00,0.00,0.00,0.00,0.00,32738610.18,76127458.59,108866068.78
Urun_5,16425611.12,0.00,0.00,19708.32,151123833.03,254811.85,0.00,114606.60,1871.86,0.00,1427795.27,21475.85,0.00,0.00,10582.26,0.00,0.00,0.00,11368.98,28.87,0.00,13487.44,0.00,122.34,0.00,0.00,103388.28,0.00,2341750.26,702696.55,14611.79,0.00,0.00,0.00,0.00,637711.24,0.00,0.00,0.00,0.00,0.00,0.00,0.00,0.00,0.00,0.00,0.00,0.00,0.00,0.00,0.00,0.00,38241.84,11911.88,0.00,633.38,3427.38,0.00,0.00,0.00,0.00,0.00,121.65,0.00,173279798.03,11039585.80,184319383.83
Urun_6,0.00,0.00,0.00,0.00,70362.37,147247323.85,8209.11,17981.74,22694.36,21864.46,83244.69,18379.45,332195.59,25008.08,1651.58,22916.36,918.03,14140.59,16407.89,187115.20,1393.47,337687.29,0.00,0.00,0.00,0.00,133449.46,27989.48,2088372.84,1398506.10,65.92,0.00,0.00,177.15,0.00,80175.36,0.00,0.00,0.00,0.00,0.00,0.00,0.00,0.00,0.00,0.00,0.00,0.00,0.00,0.00,0.00,0.00,0.00,30417.32,0.00,0.00,0.00,0.00,0.00,38.11,0.00,0.00,0.00,0.00,152188685.85,16717037.15,168905723.00
Urun_7,0.00,0.00,0.00,0.00,110.91,78620.12,10720089.92,1311.68,0.00,0.00,13956.26,0.00,80022.76,19045.18,0.00,180784.32,0.00,1640.29,1868.89,0.00,620.88,554876.07,171.36,0.00,0.00,0.00,183111.28,7481.95,145081.99,21391.34,13121.26,0.00,0.00,200.60,0.00,0.00,0.00,0.00,0.00,1594.00,0.00,0.00,0.00,0.00,0.00,0.00,0.00,0.00,0.00,0.00,12.82,0.00,0.00,0.00,0.00,0.00,0.00,0.00,0.00,0.00,0.00,0.00,0.00,0.00,12025113.87,2663799.42,14688913.29
Urun_8,0.00,0.00,0.00,0.00,25754.89,145045.22,64788.39,16840000.14,768565.98,0.00,237792.48,9433.00,284002.18,25.78,2744.20,69829.87,0.00,206.06,186.69,310.90,0.00,16427.41,0.00,0.00,0.00,0.00,0.00,2798.26,170400.43,10707.42,0.00,0.00,0.00,0.00,0.00,0.00,62515.35,0.00,0.00,0.00,0.00,0.00,0.00,0.00,0.00,0.00,0.00,0.00,2614.99,68.13,0.00,0.00,0.00,9062.68,0.00,0.00,0.00,0.00,0.00,0.00,0.00,0.00,0.00,0.00,18723280.46,6364286.01,25087566.46
Urun_9,0.00,0.00,0.00,0.00,0.00,1315.44,0.00,202912.24,7882725.97,0.00,0.00,0.00,95644.77,77118.24,0.00,8529.80,8414.23,20282.92,6171.60,0.00,0.00,1441.33,47158.40,0.00,0.00,0.00,0.00,0.00,73859.23,17241.88,2266.66,0.00,0.00,0.00,0.00,0.00,640519.35,0.00,0.00,53439.23,0.00,0.00,0.00,0.00,0.00,0.00,0.00,0.00,5635.89,0.00,883.55,0.00,0.00,6741.44,0.00,80085.06,0.00,0.00,0.00,0.00,0.00,0.00,0.00,0.00,9232387.23,34902.56,9267289.79
Urun_10,0.00,0.00,0.00,16656.28,0.00,0.00,0.00,0.00,0.00,42447586.94,544111.09,0.00,0.00,1697.42,214786.20,0.00,0.00,0.00,0.00,0.00,0.00,0.00,0.00,0.00,0.00,0.00,0.00,0.00,469224.78,506.59,0.00,0.00,0.00,0.00,0.00,0.00,0.00,0.00,0.00,0.00,0.00,0.00,0.00,0.00,0.00,0.00,0.00,0.00,0.00,0.00,0.00,0.00,0.00,0.00,0.00,0.00,0.00,0.00,0.00,0.00,0.00,0.00,0.00,0.00,43694569.29,37425011.38,81119580.67
Urun_11,0.00,0.00,0.00,115874.57,748374.08,466118.41,221130.83,938448.02,4968.45,1420796.20,37553365.76,164104.71,350540.41,328500.50,331863.54,220211.67,0.00,2161.58,43505.99,0.00,0.00,42869.46,0.00,1798.50,0.00,31702.57,25800.25,11019.00,615132.69,50714.51,0.00,0.00,0.00,80.28,0.00,0.00,0.00,0.00,0.00,0.00,0.00,0.00,0.00,0.00,0.00,0.00,0.00,0.00,0.00,0.00,0.00,0.00,0.00,49509.00,0.00,0.00,3856.81,0.00,0.00,0.00,0.00,0.00,0.00,0.00,43742447.78,49634706.55,93377154.33
Urun_12,0.00,0.00,0.00,13.54,3395.24,4277.00,0.00,31626.67,0.00,0.00,3943.17,7890737.53,680.53,0.00,0.00,0.00,0.00,0.00,0.00,0.00,0.00,11528.30,0.00,0.00,0.00,2238.92,0.00,408.45,770585.34,3743.68,0.00,0.00,0.00,0.00,0.00,0.00,0.00,0.00,0.00,0.00,0.00,0.00,0.00,0.00,0.00,0.00,0.00,0.00,0.00,0.00,0.00,0.00,0.00,17968.26,0.00,0.00,2.23,0.00,0.00,0.00,0.00,0.00,0.00,0.00,8741148.86,8452487.10,17193635.96
Urun_13,0.00,0.00,0.00,0.00,5558.13,360744.70,9877.17,120381.01,196372.60,265.92,240673.11,0.00,39589609.07,301479.85,240535.94,542196.51,71394.21,156499.76,274061.47,567808.82,9959.01,160410.18,955.21,0.00,0.00,8751.94,286079.30,50078.11,400501.96,20842.15,4346.64,0.00,0.00,0.00,0.00,0.00,0.00,0.00,0.00,2096.65,0.00,0.00,0.00,0.00,0.00,0.00,0.00,0.00,0.00,0.00,0.00,0.00,0.00,1831.49,0.00,1838.29,0.00,0.00,0.00,0.00,0.00,0.00,0.00,0.00,43625149.21,8216139.11,51841288.32
Urun_14,0.00,0.00,0.00,363095.71,9345.24,86086.59,22803.96,9962.47,410.73,0.00,126434.06,0.00,223212.19,47130758.32,51815.29,77664.08,0.00,67762.18,12662.87,0.00,0.00,109448.69,0.00,0.00,0.00,983.62,2244589.99,0.00,367086.10,57555.36,149914.01,0.00,0.00,0.00,0.00,0.00,0.00,0.00,0.00,0.00,0.00,0.00,0.00,0.00,0.00,0.00,0.00,0.00,0.00,0.00,126.88,0.00,0.00,7613.19,0.00,0.00,0.00,0.00,0.00,0.00,0.00,0.00,0.00,0.00,51119331.53,3133263.47,54252595.00
Urun_15,0.00,0.00,0.00,19465.56,0.00,1561.94,447.66,530.90,377.38,0.00,96597.74,0.00,169471.07,80146.20,92535371.45,2218497.80,1530.84,400289.96,289176.36,210757.79,97.14,17794.94,2149.93,0.00,0.00,176055.50,128401.74,28124.05,293726.59,54328.95,0.00,0.00,0.00,0.00,0.00,0.00,0.00,0.00,0.00,0.00,0.00,0.00,0.00,0.00,0.00,0.00,1169.16,0.00,0.00,0.00,0.00,0.00,0.00,0.00,0.00,0.00,0.00,0.00,0.00,0.00,0.00,0.00,0.00,0.00,96726070.66,48067418.05,144793488.71
Urun_16,0.00,0.00,0.00,1330.99,454.71,19392.46,2030.62,2284.81,11121.89,157.88,39783.72,0.00,534333.92,41619.48,1046202.32,42375740.40,36839.56,588475.69,1019127.71,1672342.64,98415.67,444875.08,12538.81,8533.84,0.00,0.00,1031267.00,9327.59,417102.79,62332.15,1940.02,0.00,0.00,0.00,0.00,6703.39,0.00,0.00,0.00,0.00,0.00,0.00,0.00,0.00,0.00,0.00,8764.66,0.00,0.00,0.00,703.45,0.00,0.00,50355.26,0.00,0.00,0.00,731.59,0.00,0.00,0.00,0.00,0.00,0.00,49544830.12,8167940.35,57712770.47
Urun_17,0.00,0.00,0.00,0.00,0.00,4.29,1180.43,2049.19,8731.28,0.00,0.00,2609.86,8428.84,62.69,0.00,298562.71,8703266.46,1559824.57,64054.83,51437.41,603.71,5753.69,20494.53,0.00,0.00,0.00,415994.73,17765.42,184483.36,98702.42,0.00,0.00,0.00,0.00,0.00,0.00,20.83,1813.33,43107.57,11743.11,0.00,0.00,0.00,0.00,0.00,0.00,193024.37,0.00,0.00,0.00,0.00,0.00,0.00,0.00,0.00,0.00,0.00,0.00,0.00,0.00,0.00,0.00,0.00,0.00,11693719.62,22817391.06,34511110.68
Urun_18,0.00,0.00,0.00,4842.22,6.12,13.62,24.71,70.36,28530.23,0.00,105.89,0.00,98861.72,114823.59,120207.54,686387.56,260250.24,34972486.58,686314.37,154363.31,1010.66,13705.92,893.53,0.00,0.00,0.00,72184.98,164572.71,452791.84,6640.21,0.00,0.00,0.00,678.52,0.00,0.00,0.00,0.00,0.00,1579.58,0.00,0.00,0.00,0.00,0.00,0.00,7086.09,0.00,0.00,0.00,0.00,0.00,0.00,778.59,0.00,0.00,0.00,0.00,0.00,0.00,0.00,0.00,0.00,0.00,37849210.70,17285198.00,55134408.70
Urun_19,0.00,0.00,0.00,52755.46,71029.12,9635.50,59.18,10642.12,0.00,0.00,6424.86,0.00,394728.65,191283.57,107422.50,999528.20,104322.19,596016.68,30747748.08,943520.82,7447.79,175444.20,35850.32,0.00,0.00,98.34,283169.62,52904.25,438615.12,18566.02,0.00,0.00,0.00,18.85,0.00,0.00,0.00,0.00,0.00,9020.48,0.00,0.00,0.00,0.00,0.00,0.00,3671.46,0.00,0.00,0.00,0.00,0.00,0.00,6465.18,0.00,0.00,0.00,0.00,0.00,29.42,0.00,464.81,136.79,0.00,35267019.59,36789279.37,72056298.96
Urun_20,0.00,0.00,0.00,0.00,0.00,9460.15,0.00,0.00,0.00,0.00,2673.41,0.00,97079.52,51210.83,117587.91,321839.55,5853.31,30393.57,119721.70,53841834.78,27082.75,4195.88,2118.72,0.00,0.00,0.00,21190.82,70528.21,35354.05,17966.80,0.00,0.00,0.00,0.00,0.00,0.00,0.00,0.00,0.00,0.00,0.00,0.00,0.00,0.00,0.00,0.00,0.00,0.00,0.00,0.00,9280.81,0.00,0.00,5372.80,0.00,0.00,7.65,0.00,0.00,0.00,0.00,0.00,0.00,0.00,54790753.24,29949262.42,84740015.65
Urun_21,0.00,0.00,0.00,2655.18,713.31,19694.80,503.94,0.00,0.00,0.00,0.00,0.00,11977.93,701.83,1699.84,20796.92,1814.72,5183.30,67644.44,20313.37,5978156.07,19333.79,97766.77,0.00,0.00,0.00,19639.59,3135.31,18691.43,0.00,0.00,0.00,30591.04,0.00,0.00,0.00,0.00,0.00,0.00,0.00,0.00,0.00,0.00,0.00,0.00,0.00,25.08,0.00,0.00,0.00,0.00,0.00,0.00,0.00,0.00,0.00,0.00,0.00,0.00,0.00,0.00,0.00,0.00,0.00,6321038.67,8615203.97,14936242.64
Urun_22,0.00,0.00,0.00,204.56,42.11,29542.43,489514.37,20624.60,103383.79,33957.90,99406.75,28043.90,95119.68,126733.61,3351.12,186853.06,3172.73,38912.57,76160.49,150094.97,28006.94,37888000.79,1141.34,0.00,0.00,0.00,241984.29,0.00,646312.71,159162.90,347.64,0.00,0.00,0.00,0.00,0.00,0.00,0.00,0.00,1018.72,0.00,0.00,0.00,0.00,0.00,0.00,347.39,687.18,0.00,0.00,0.00,0.00,0.00,0.00,0.00,0.00,0.00,0.00,0.00,980.39,0.00,4336.54,0.00,0.00,40457445.46,7719661.69,48177107.15
Urun_23,0.00,0.00,0.00,1600.21,7214.50,724.48,0.00,0.00,0.00,0.00,0.00,0.00,9906.17,4553.25,857.58,223694.90,3175.69,81652.46,347940.24,3681.45,770750.31,2622.71,12284748.05,0.00,0.00,0.00,568856.44,17.32,176095.31,109775.99,686.53,86494.77,0.00,78396.11,0.00,0.00,0.00,0.00,0.00,0.00,0.00,0.00,0.00,0.00,0.00,0.00,78237.40,0.00,0.00,0.00,263.76,0.00,0.00,69261.43,0.00,0.00,0.00,0.00,0.00,0.00,0.00,8635.22,0.00,0.00,14919842.28,379661.05,15299503.32
Urun_24,0.00,0.00,0.00,0.00,667.96,2079.96,2663.40,48463.19,0.00,0.00,128925.10,0.00,0.00,0.00,344511.77,0.00,0.00,0.00,0.00,0.00,450.23,0.00,0.00,120653754.25,0.00,13268.34,19862.78,0.00,115.76,0.00,0.00,0.00,0.00,0.00,0.00,0.00,0.00,0.00,0.00,0.00,0.00,0.00,0.00,175589.37,0.00,0.00,0.00,0.00,0.00,0.00,0.00,0.00,0.00,0.00,432271.28,0.00,0.00,0.00,0.00,6336.99,0.00,0.00,0.00,0.00,121828960.39,461960.67,122290921.05
Urun_25,0.00,0.00,0.00,0.00,0.00,0.00,0.00,0.00,0.00,0.00,0.00,0.00,0.00,2982.13,0.00,0.00,0.00,0.00,0.00,0.00,67.18,0.00,0.00,0.00,7103529.82,3246.25,0.00,0.00,0.12,16.81,0.00,0.00,0.00,0.00,0.00,0.00,0.00,0.00,0.00,0.00,0.00,0.00,0.00,74514.41,0.00,0.00,0.00,0.00,0.00,0.00,0.00,0.00,0.00,0.00,3909921.64,0.00,0.00,0.00,0.00,1088.79,0.00,0.00,0.00,0.00,11095367.15,0.00,11095367.15
Urun_26,0.00,0.00,0.00,0.00,0.00,0.00,0.00,0.00,0.00,0.00,0.00,0.00,935.77,8582.33,0.00,8624.69,0.00,0.00,0.00,0.00,0.00,0.00,0.00,0.00,220719.26,21459594.67,2596.97,0.00,750.09,0.00,0.00,0.00,0.00,0.00,0.00,0.00,0.00,0.00,0.00,0.00,0.00,0.00,0.00,1663.56,0.00,0.00,0.00,0.00,0.00,0.00,0.00,0.00,0.00,17811.34,75174.44,0.00,0.00,0.00,0.00,0.00,0.00,0.00,0.00,0.00,21796453.12,17786046.31,39582499.43
Urun_27,0.00,0.00,0.00,7274.22,0.00,10547.22,23872.21,0.00,0.00,0.00,16850.20,0.00,30011.36,517235.17,0.00,398363.00,1394.85,456934.93,8412.79,0.00,13003.12,0.00,16112.47,7578.20,0.00,12922.66,294328310.67,48853.09,697871.79,264888.83,231450.81,171.44,0.00,9987.36,254.33,14767.11,0.00,0.00,125118.81,318.28,0.00,0.00,0.00,9024.27,0.00,0.00,194268.24,0.00,0.00,0.00,31267.07,0.00,0.00,62202.72,299993.95,0.00,0.00,0.00,0.00,0.00,0.00,0.00,0.00,0.00,297839261.15,617096.75,298456357.90
Urun_28,0.00,0.00,0.00,3303.44,386.19,3521.61,0.00,0.00,0.00,110495.85,356.09,0.00,218275.76,1416.99,112869.08,2133.44,52044.72,5377.51,371561.99,803366.19,10192.37,13.03,17088.11,0.00,0.00,980.80,57866.85,29762473.44,291716.10,248211.43,3064.87,0.00,0.00,20929.81,0.00,113.06,0.00,0.00,0.00,0.00,0.00,0.00,0.00,0.00,0.00,0.00,60435.05,0.00,0.00,0.00,24144.18,0.00,0.00,0.00,0.00,0.00,0.00,0.00,0.00,0.00,0.00,0.00,0.00,0.00,32182337.94,0.00,32182337.94
Urun_29,0.00,0.00,0.00,391731.84,1702452.94,1301063.28,144612.87,381888.01,39946.71,386145.43,604637.76,423545.22,287140.69,393899.61,472357.44,627945.48,260347.54,440142.29,874940.50,273574.70,34984.50,439172.82,20600.13,27.12,1172.56,57671.45,2011063.07,171811.37,103621910.76,3867217.58,30588.16,767.03,1659.79,2319.46,0.00,6420.01,275397.98,3705.10,1755.39,190473.15,0.00,0.00,0.00,60114.18,0.00,5.97,69055.65,29.21,27445.49,100708.39,7719.33,814.13,50.27,41198.13,0.00,16767.73,2031.70,438.12,3472.04,687.89,0.00,7298.36,31.82,0.00,120082958.16,0.00,120082958.16
Urun_30,0.00,0.00,0.00,557.76,37158.43,370555.25,11654.43,312.68,309.80,0.00,36291.68,0.00,48886.85,31838.14,84.31,71677.04,933.48,529012.38,7096.96,0.00,17.47,61861.10,63477.71,983.48,935.52,1591.33,454800.78,24204.32,1368616.03,132847634.39,5491.74,1824.18,533.54,14005.71,0.00,151457.44,19365.98,24028.88,71967.05,3899.76,0.00,0.00,0.00,0.00,0.00,1005.48,5599.93,0.00,7275.22,2702.38,3339.13,425.78,864.06,42205.14,0.00,23258.90,1646.02,28.46,7156.41,6604.76,0.00,13203.55,752.32,0.00,136379133.10,0.00,136379133.10
Urun_31,0.00,0.00,0.00,122639.63,31242.68,106.23,24189.89,725.86,0.00,4585.82,82955.16,0.00,1919.07,46649.52,8274.35,4250.86,0.00,2504.33,17943.58,0.00,30.41,4562.12,231.63,0.00,2675.05,46154.09,253977.13,38850.51,1294313.73,639063.06,192778417.18,11189.86,2026.27,1112213.66,62748.56,22374.05,0.00,0.00,0.00,0.00,0.00,0.00,0.00,1341.40,0.00,0.00,0.00,0.00,403755.70,0.00,6822.97,0.00,6680.86,149015.79,985047.09,2609.12,0.00,1781.68,0.00,0.00,0.00,7652.90,0.00,0.00,198181521.79,394078.26,198575600.05
Urun_32,0.00,0.00,0.00,40821.60,0.00,0.00,0.00,0.00,0.00,57230.94,0.00,0.00,0.00,15775.46,0.00,74.01,0.00,0.00,0.00,0.00,15177.44,0.00,0.00,0.00,0.00,0.00,365.32,0.00,326803.57,0.00,990639.81,14801834.72,19760.98,2491207.07,0.00,12512.30,0.00,0.00,0.00,0.00,0.00,0.00,0.00,0.00,0.00,0.00,0.00,0.00,0.00,0.00,158.95,0.00,14290.32,0.00,0.00,0.00,0.00,0.00,0.00,0.00,0.00,3714.26,0.00,0.00,18790366.75,137233.07,18927599.83
Urun_33,0.00,0.00,0.00,0.00,0.00,0.00,0.00,0.00,0.00,0.00,0.00,0.00,0.00,0.00,0.00,0.00,0.00,0.00,0.00,0.00,0.00,0.00,3805.52,0.00,0.00,0.00,0.00,0.00,31921.07,0.00,1482.83,0.00,21936943.07,182334.43,189588.21,5.01,0.00,0.00,0.00,0.00,0.00,0.00,0.00,0.00,0.00,0.00,0.00,0.00,0.00,0.00,0.00,0.00,8430.19,5263.23,0.00,0.00,0.00,0.00,0.00,0.00,0.00,0.00,0.00,0.00,22359773.56,566052.46,22925826.02
Urun_34,0.00,0.00,0.00,30541.48,8462.62,9166.67,0.00,0.00,0.00,13689.55,16405.27,0.00,0.00,9960.24,15926.00,0.00,0.00,0.00,0.00,0.00,0.00,0.00,0.00,0.00,328.43,3148.57,23548.67,62821.35,85270.35,21305.29,1907415.30,251261.39,50656.24,21570749.66,241040.57,1049.24,0.00,0.00,0.00,15661.61,0.00,0.00,0.00,207412.06,0.00,752.04,0.00,0.00,0.00,0.00,0.00,0.00,932.74,3717.50,1601900.72,0.00,0.00,0.00,210.66,0.00,0.00,0.00,0.00,0.00,26153334.23,3787837.08,29941171.31
Urun_35,0.00,0.00,0.00,0.00,0.00,0.00,0.00,0.00,0.00,0.00,0.00,0.00,0.00,0.00,0.00,0.00,0.00,0.00,0.00,0.00,0.00,0.00,0.00,0.00,0.00,0.00,0.00,0.00,0.00,0.00,71501.25,0.00,0.00,454.72,7431845.66,4734.69,0.00,0.00,0.00,0.00,0.00,0.00,0.00,0.00,0.00,0.00,0.00,0.00,61.91,0.00,0.00,0.00,0.00,0.00,0.00,313.25,0.00,0.00,0.00,0.00,0.00,0.00,0.00,0.00,7508911.48,75655.32,7584566.80
Urun_36,0.00,24067.02,0.00,20981.79,20887.41,205.14,0.00,0.00,0.00,3009.56,1239.50,0.00,0.00,55585.17,604.09,1387.03,0.00,0.00,1951.09,537.42,0.00,0.00,0.00,0.00,0.00,538.25,63386.15,0.00,5391.20,710029.54,10711.08,32449.75,0.00,2143.32,0.00,82729892.72,0.00,4997.49,65.12,22815.17,115.31,0.00,0.00,77906.96,0.00,1881.24,432.41,0.00,0.00,0.00,5.28,0.00,22523.36,9555.11,1335809.28,80787.41,1776.56,33035.04,19765.54,125244.60,0.00,0.00,256.27,0.00,85421969.35,1446910.07,86868879.43
Urun_37,0.00,0.00,0.00,0.00,0.00,0.00,0.00,0.00,17.56,0.00,0.00,0.00,0.00,0.00,0.00,21.27,0.00,1194.19,0.00,0.00,0.00,0.00,8589.31,0.00,0.00,0.00,273.85,0.00,234799.02,538.14,0.00,0.00,0.00,0.00,0.00,0.00,5128083.55,0.00,0.00,116828.45,0.00,0.00,0.00,0.00,0.00,0.00,0.00,0.00,3555.42,9.53,0.00,0.00,0.00,3632.84,2422700.01,43.86,0.00,0.00,76282.68,0.00,0.00,0.00,0.00,0.00,7996569.68,771887.56,8768457.24
Urun_38,0.00,0.00,0.00,0.00,0.00,0.00,0.00,0.00,551.71,0.00,0.00,0.00,0.00,0.00,0.00,0.00,0.00,0.00,0.00,0.00,0.00,0.00,0.00,0.00,0.00,0.00,0.00,0.00,28819.77,3106.71,0.00,0.00,0.00,0.00,0.00,226.06,0.00,8816875.94,0.00,2229.71,0.00,0.00,0.00,0.00,0.00,0.00,0.00,0.00,626778.43,0.00,0.00,0.00,0.00,478.36,0.00,0.00,0.00,0.00,4461.33,7469.23,0.00,0.00,0.00,0.00,9490997.25,1415358.12,10906355.37
Urun_39,0.00,0.00,0.00,69.68,0.00,0.00,0.00,0.00,0.00,0.00,0.00,0.00,0.00,0.00,0.00,0.00,0.00,0.00,0.00,0.00,0.00,0.00,0.00,0.00,0.00,0.00,317002.50,0.00,4423.58,795084.53,0.00,0.00,0.00,0.00,0.00,69.76,12350.95,7817.39,31484592.61,42779.70,0.00,0.00,0.00,0.00,0.00,0.00,2110.43,0.00,0.00,0.00,0.00,0.00,0.00,1353.01,0.00,0.00,0.00,0.00,4781.13,0.00,0.00,0.00,0.00,0.00,32672435.26,204685.15,32877120.41
Urun_40,0.00,0.00,0.00,8572.21,15245.12,25528.71,5091.53,9715.83,125914.00,0.00,33079.92,58033.96,8494.22,23278.24,40740.73,6567.64,93004.45,23974.62,10652.39,41819.68,36091.84,9260.92,3937.10,28596.36,0.00,0.00,106304.98,6121.75,1225223.33,135412.29,16293.52,22897.55,16475.98,40419.28,20630.55,6352.22,92674.13,37109.65,745201.61,13580243.31,271301.99,25447.23,57133.43,1954.71,0.00,526500.06,41789.04,18480.71,29405.88,6371.20,0.00,16726.83,13762.83,35344.74,428501.86,156248.84,131609.27,0.00,6636.01,0.00,0.00,34203.42,3320.86,0.00,18463698.53,43451.31,18507149.83
Urun_41,0.00,0.00,0.00,0.00,0.00,0.00,0.00,0.00,0.00,0.00,0.00,0.00,0.00,0.00,0.00,0.00,0.00,0.00,0.00,0.00,0.00,0.00,0.00,0.00,0.00,0.00,0.00,0.00,0.00,0.00,0.00,0.00,0.00,0.00,0.00,0.00,0.00,0.00,0.00,0.00,55064655.96,0.00,0.00,0.00,0.00,0.00,0.00,0.00,0.00,0.00,0.00,0.00,0.00,0.00,0.00,0.00,0.00,0.00,0.00,0.00,0.00,0.00,0.00,0.00,55064655.96,2117771.51,57182427.47
Urun_42,0.00,0.00,0.00,0.00,0.00,0.00,0.00,0.00,0.00,0.00,0.00,0.00,0.00,0.00,0.00,0.00,0.00,0.00,0.00,0.00,0.00,0.00,0.00,0.00,0.00,0.00,0.00,0.00,0.00,0.00,0.00,0.00,0.00,0.00,0.00,0.00,0.00,0.00,0.00,0.00,0.00,10620490.51,0.00,0.00,0.00,0.00,0.00,0.00,0.00,0.00,0.00,0.00,0.00,0.00,0.00,0.00,0.00,0.00,0.00,0.00,0.00,0.00,0.00,0.00,10620490.51,1088075.96,11708566.47
Urun_43,0.00,0.00,0.00,0.00,0.00,0.00,0.00,0.00,0.00,0.00,0.00,0.00,0.00,0.00,0.00,0.00,0.00,0.00,0.00,0.00,0.00,0.00,0.00,0.00,0.00,0.00,0.00,0.00,0.00,0.00,0.00,0.00,0.00,0.00,0.00,0.00,0.00,0.00,0.00,0.00,189000.00,0.00,7568027.52,0.00,0.00,0.00,0.00,0.00,0.00,0.00,0.00,0.00,0.00,0.00,0.00,3492.61,0.00,0.00,0.00,0.00,0.00,0.00,0.00,0.00,7760520.13,82951.23,7843471.35
Urun_44,0.00,0.00,0.00,2868.22,4428.18,10955.91,11861.46,637.40,225.75,250.81,1873.64,690.21,1213.15,2805.18,3007.97,1872.39,555.21,616.86,992.35,919.97,222.05,1000.93,79.40,0.65,0.00,0.29,786335.65,8704.08,121651.40,78358.42,0.00,3319.78,1.13,71682.71,0.00,46300.29,5476.99,3793.54,0.00,67.07,159.25,22627.34,960.36,79106349.58,0.00,6764.88,657.46,0.00,1.75,23.77,22.89,27.30,2839.73,30705.59,3402712.67,312.93,2616.14,0.00,1613.15,209.39,1242841.20,0.00,106.00,0.00,84994320.45,0.00,84994320.45
Urun_45,0.00,0.00,0.00,0.00,0.00,0.00,0.00,0.00,0.00,0.00,0.00,0.00,0.00,0.00,0.00,0.00,0.00,0.00,0.00,0.00,0.00,0.00,0.00,0.00,0.00,0.00,0.00,0.00,0.00,0.00,0.00,0.00,0.00,0.00,0.00,0.00,0.00,0.00,0.00,0.00,0.00,0.00,0.00,0.00,87465958.71,0.00,0.00,0.00,0.00,0.00,0.00,0.00,0.00,0.00,0.00,0.00,0.00,0.00,0.00,0.00,0.00,0.00,0.00,0.00,87465958.71,0.00,87465958.71
Urun_46,0.00,0.00,0.00,0.00,0.00,0.00,0.00,0.00,46.65,0.00,14394.56,0.00,0.00,0.00,0.00,8659.56,0.00,0.00,0.00,0.00,0.00,0.00,0.00,0.00,0.00,0.00,0.00,0.00,546702.04,24309.68,0.00,521.60,0.00,33909.02,0.00,4829.07,0.00,3215.74,116554.99,0.00,0.00,0.00,0.00,50591.52,0.00,22902371.52,2249.89,0.00,6694.96,0.00,0.00,89444.93,2182.48,245.42,5074.50,0.00,0.00,0.00,0.00,0.00,0.00,0.00,0.00,0.00,23811998.16,242357.86,24054356.01
Urun_47,0.00,152.18,0.00,237.36,0.00,0.00,0.00,0.00,5264.28,759.96,7509.15,0.00,0.00,0.00,0.00,54798.13,749.60,8579.76,4688.41,0.00,0.00,0.00,19111.01,0.00,0.00,499.85,133665.81,4790.44,676976.33,76077.79,3199.33,0.00,13.61,54323.72,0.00,1039.63,1011.38,0.00,6307.73,41035.17,0.00,0.00,0.00,23861.34,0.00,13236.65,12240031.94,10421.31,0.00,0.00,0.00,0.00,0.00,9056.37,566384.49,0.00,6664.95,0.00,0.00,0.00,0.00,0.00,0.00,0.00,13970447.67,478165.01,14448612.67
Urun_48,0.00,0.00,0.00,15810.65,86291.91,98849.05,2994.21,5265.78,3290.19,29131.12,190735.13,173819.96,90913.60,71928.59,54960.26,174872.46,181934.54,304352.63,273610.63,715940.02,324745.82,46700.70,18663.18,22343.66,759.44,4751.60,38465.36,2964.12,110144.11,29122.81,10225.17,27.10,0.00,5379.25,639.14,440.87,19521.15,1533.41,287086.59,1034127.78,75215.93,10623.89,1098.96,0.00,0.00,17119.88,609987.59,802653.87,6385.50,5797.54,642.72,397.56,230.31,1183.43,1212079.96,4929605.69,11224.00,0.00,285.33,690.06,0.00,1072.14,96.21,0.00,12118732.58,0.00,12118732.58
Urun_49,0.00,0.00,0.00,0.00,0.00,0.00,0.00,0.00,0.00,0.00,0.00,0.00,0.00,0.00,0.00,0.00,0.00,0.00,0.00,0.00,0.00,187863.71,0.00,0.00,0.00,0.00,0.00,0.00,1913.74,7038.31,8525.54,16.91,0.00,29.44,0.00,122.08,99756.44,42599.67,116.53,2569.20,0.00,0.00,0.00,0.00,0.00,10266.36,0.00,0.00,14962581.08,6163.92,0.00,0.00,0.00,0.00,365761.75,0.00,0.00,0.00,655.84,0.00,0.00,0.00,0.00,0.00,15695980.52,521370.92,16217351.44
Urun_50,0.00,0.00,0.00,0.00,0.00,0.00,0.00,0.00,0.00,0.00,316.97,0.00,0.00,0.00,0.00,627.64,0.00,0.00,12237.49,0.00,0.00,0.00,0.00,0.00,0.00,9.36,144982.24,0.00,8088.90,4027.73,354.62,0.00,0.00,1964.18,0.00,29415.90,0.00,0.00,0.00,160.51,0.00,0.00,0.00,0.00,0.00,0.00,12040.57,0.00,0.00,4642329.66,20.26,0.00,1514.63,13235.97,261202.01,2995.32,0.00,0.00,30368.50,0.00,0.00,4336.54,694.18,0.00,5170923.16,53745.72,5224668.89
Urun_51,0.00,146.30,0.00,99902.23,82121.00,346264.87,84287.31,17183.91,6424.31,14959.97,42097.13,14506.71,26734.01,79091.72,61902.88,43846.90,13657.76,12849.77,25763.67,18397.50,4935.79,41403.98,1676.92,12.31,86525.60,17527.48,1143561.13,293352.86,80825.01,18200.47,1543295.96,21875.09,21.49,114886.35,51.88,38855.23,0.00,14359.73,0.00,0.00,0.00,0.00,0.00,11501.20,0.00,14615.90,0.00,0.00,0.00,0.00,5669866.77,0.00,77476.44,38162.26,142361.13,0.00,0.00,0.00,38031.69,0.00,0.00,0.00,0.00,0.00,10403520.62,305601.75,10709122.37
Urun_52,0.00,0.00,0.00,0.00,2671.86,172.19,0.00,0.00,0.00,0.00,0.00,0.00,0.00,4712.93,0.00,0.00,0.00,0.00,0.00,0.00,0.00,0.00,0.00,0.00,0.00,0.00,2724.14,0.00,0.00,2969.70,20168.19,0.00,0.00,0.00,0.00,0.00,0.00,0.00,0.00,0.00,0.00,0.00,0.00,0.00,0.00,0.00,0.00,0.00,0.00,0.00,2152.52,1829396.26,0.00,4361.85,0.00,27225.67,0.00,0.00,0.00,0.00,0.00,0.00,0.00,0.00,1896555.30,39640.91,1936196.20
Urun_53,0.00,0.00,0.00,0.00,0.00,0.00,0.00,0.00,0.00,0.00,0.00,0.00,0.00,6923.91,0.00,0.00,0.00,0.00,0.00,0.00,0.00,0.00,0.00,0.00,0.00,0.00,0.00,0.00,673.86,3439.31,29000.31,611.52,27140.24,74190.15,0.00,133142.93,9596.39,0.00,0.00,64504.12,0.00,0.00,0.00,0.00,0.00,0.00,0.00,0.00,0.00,0.00,4604.50,0.00,17170106.14,2076.03,0.00,55406.23,0.00,0.00,0.00,0.00,0.00,0.00,0.00,0.00,17581415.62,1093678.19,18675093.81
Urun_54,0.00,0.00,0.00,184527.98,0.00,0.00,0.00,0.00,591.59,0.00,29272.52,212155.83,1307.27,18778.09,0.00,76.88,12.88,34915.31,0.00,0.00,105.42,1801.94,0.00,0.00,7737.31,103045.47,733100.84,0.00,67825.08,202069.12,26426.02,0.00,0.00,24372.02,8.99,67806.64,0.00,18661.78,158891.66,22282.81,0.00,0.00,0.00,122160.87,0.00,4930.75,392518.31,0.00,18431.75,5639.39,1498.35,154320.27,44046.19,33407233.74,237655.75,1613.56,9259.47,5921.50,28871.17,39069.27,0.00,0.00,48055.14,0.00,36436998.93,864655.28,37301654.21
Urun_55,0.00,0.00,0.00,0.00,0.00,0.00,0.00,0.00,0.00,0.00,0.00,0.00,0.00,0.00,0.00,0.00,0.00,0.00,0.00,0.00,0.00,0.00,0.00,0.00,0.00,0.00,0.00,0.00,0.00,0.00,0.00,0.00,0.00,0.00,0.00,0.00,0.00,0.00,0.00,0.00,0.00,0.00,0.00,0.00,0.00,0.00,0.00,0.00,0.00,0.00,0.00,0.00,0.00,0.00,91378512.31,0.00,0.00,0.00,0.00,0.00,0.00,0.00,0.00,0.00,91378512.31,0.00,91378512.31
Urun_56,0.00,0.00,0.00,0.00,0.00,9.08,0.00,0.00,11359.74,0.00,0.00,0.00,0.00,53.59,0.00,0.00,0.00,242.83,0.00,0.00,0.00,471.86,0.00,0.00,0.00,0.88,27.11,0.00,8247.16,0.00,1530.83,0.00,28.06,0.00,0.00,15409.94,506.36,0.00,0.00,26049.67,0.00,0.00,0.00,0.00,0.00,0.00,0.00,0.00,0.00,38.11,58.62,0.00,0.00,13437.69,2867804.85,68480275.52,785.70,765136.94,42.69,68608.56,0.00,0.00,0.00,0.00,72260125.80,0.00,72260125.80
Urun_57,0.00,0.00,0.00,0.00,0.00,0.00,0.00,0.00,0.00,0.00,0.00,0.00,0.00,0.00,0.00,0.00,0.00,0.00,0.00,0.00,0.00,0.00,0.00,0.00,0.00,272.71,11129.93,0.00,14000.86,38298.48,0.00,0.00,0.00,0.00,0.00,3.05,0.00,0.00,0.00,0.00,0.00,0.00,0.00,8318.88,0.00,0.00,0.00,0.00,0.00,0.00,0.00,0.00,0.00,57107.59,779034.83,4625.47,66764203.59,15379.27,0.00,0.00,0.00,0.00,10137.89,0.00,67702512.54,12849.47,67715362.01
Urun_58,0.00,0.00,0.00,0.00,0.00,0.00,0.00,0.00,0.00,0.00,0.00,0.00,0.00,0.00,0.00,0.00,0.00,0.00,0.00,0.00,0.00,0.00,0.00,0.00,0.00,0.00,0.00,0.00,788.86,1019.02,0.00,0.00,0.00,0.00,0.00,0.00,0.00,0.00,0.00,0.00,0.00,0.00,0.00,0.00,0.00,0.00,0.00,0.00,0.00,0.00,0.00,0.00,0.00,0.00,150317.98,8149.50,210170.56,3582512.20,0.00,0.00,0.00,0.00,0.00,0.00,3952958.11,0.00,3952958.11
Urun_59,0.00,0.00,0.00,0.00,0.00,0.00,2070.67,0.00,0.00,0.00,0.00,0.00,0.00,31.34,0.00,0.00,0.00,0.00,0.00,0.00,0.00,0.00,0.00,0.00,0.00,0.00,2543.77,0.00,3166.81,65370.98,38154.32,0.00,0.00,0.00,0.00,0.00,23.46,0.00,0.00,41105.07,0.00,0.00,0.00,0.00,0.00,0.00,0.00,0.00,0.00,0.00,0.00,0.00,0.00,1362.08,43096.54,0.00,0.00,0.00,13476535.39,20970.19,0.00,0.00,3786.70,0.00,13698217.32,73627.37,13771844.68
Urun_60,0.00,0.00,0.00,361.29,0.00,0.00,0.00,0.00,0.00,0.00,0.00,0.00,0.00,0.00,0.00,0.00,0.00,0.00,0.00,0.00,0.00,106.65,0.00,0.00,0.00,0.00,18117.56,0.00,0.00,102311.68,539.38,0.00,0.00,0.00,0.00,6969.61,0.00,0.00,48008.13,0.00,0.00,0.00,0.00,0.00,0.00,0.00,0.00,0.00,0.00,0.00,23.12,0.00,10558.72,7065.21,10520.30,6180.81,0.00,16.17,591.88,8527021.49,0.00,0.00,0.00,0.00,8738391.98,0.00,8738391.98
Urun_61,0.00,0.00,0.00,0.00,0.00,0.00,0.00,0.00,0.00,0.00,0.00,0.00,0.00,0.00,0.00,0.00,0.00,0.00,0.00,0.00,0.00,0.00,0.00,0.00,0.00,0.00,0.00,0.00,0.00,0.00,0.00,0.00,0.00,0.00,0.00,0.00,0.00,0.00,0.00,0.00,0.00,0.00,0.00,0.00,0.00,0.00,0.00,0.00,0.00,0.00,0.00,0.00,0.00,0.00,3402.01,0.00,0.00,0.00,0.00,0.00,9919003.95,0.00,0.00,0.00,9922405.95,0.00,9922405.95
Urun_62,0.00,0.00,0.00,0.00,0.00,677.09,3509.63,0.00,2.47,0.00,0.00,0.00,323.73,0.00,0.00,42766.48,663.99,7534.43,13.67,0.00,157.20,13488.06,1150.74,0.00,0.00,0.00,122551.77,0.00,252244.86,273221.03,997.10,0.00,0.00,0.00,0.00,0.00,0.00,0.00,169486.93,28030.44,0.00,0.00,0.00,0.00,0.00,0.00,610.58,0.00,0.00,0.00,2.60,0.00,0.00,102.72,0.00,0.00,0.00,0.00,0.00,0.00,0.00,7945516.70,0.00,0.00,8863052.23,0.00,8863052.23
Urun_63,0.00,0.00,0.00,0.00,54.19,0.00,0.00,0.00,0.00,0.00,0.00,0.00,0.00,14251.80,0.00,33.67,0.00,132.19,0.00,0.00,749.71,0.00,0.00,0.00,0.00,190.35,695.47,0.00,28602.27,4826.80,380.13,0.00,0.00,18.47,0.00,117821.91,0.00,0.00,0.00,91030.90,0.00,0.00,0.00,18803.12,0.00,49988.34,0.00,0.00,0.00,0.00,0.00,0.00,0.00,11674.34,0.00,0.00,6405.41,0.00,76.84,7840.93,0.00,0.00,12448918.70,0.00,12802495.53,8920.23,12811415.76
Urun_64,0.00,0.00,0.00,0.00,0.00,0.00,0.00,0.00,0.00,0.00,0.00,0.00,0.00,0.00,0.00,0.00,0.00,0.00,0.00,0.00,0.00,0.00,0.00,0.00,0.00,0.00,0.00,0.00,0.00,0.00,0.00,0.00,0.00,0.00,0.00,0.00,0.00,0.00,0.00,0.00,0.00,0.00,0.00,0.00,0.00,0.00,0.00,0.00,0.00,0.00,0.00,0.00,0.00,0.00,0.00,0.00,0.00,0.00,0.00,0.00,0.00,0.00,0.00,781733.27,781733.27,0.00,781733.27
Toplam Uretim,187042096.39,4251075.30,3901474.93,29639349.89,154083936.17,150914075.11,11857467.91,18777625.19,9223699.28,44550343.31,41906519.20,9017536.20,43091970.49,51194894.82,96129317.42,49903349.49,9806251.25,40364292.79,35395952.08,59658165.83,7364474.94,40628104.16,12680510.19,121466976.48,7424382.99,21998754.36,308217935.49,30871097.44,121396200.20,143325513.81,197955916.60,15235388.19,22085851.43,25922012.04,7946807.89,84136720.81,6366820.29,8980511.64,33258260.71,15406703.66,55600448.45,10679188.97,7627220.27,79951107.44,87465958.71,23554929.09,13924112.69,832272.28,16100633.64,4769852.01,5770888.58,2092803.94,17414731.10,34236076.73,112917241.34,73882469.14,67155687.45,4404980.96,13699838.28,8812890.08,11161845.14,8030434.43,12516414.53,781733.27,2956762094.88,448324963.19,3405087058.07
