"index","Sek_1","Sek_2","Sek_3","Sek_4","Sek_5","Sek_6","Sek_7","Sek_8","Sek_9","Sek_10","Sek_11","Sek_12","Sek_13","Sek_14","Sek_15","Sek_16","Sek_17","Sek_18","Sek_19","Sek_20","Sek_21","Sek_22","Sek_23","Sek_24","Sek_25","Sek_26","Sek_27","Sek_28","Sek_29","Sek_30","Sek_31","Sek_32","Sek_33","Sek_34","Sek_35","Sek_36","Sek_37","Sek_38","Sek_39","Sek_40","Sek_41","Sek_42","Sek_43","Sek_44","Sek_45","Sek_46","Sek_47","Sek_48","Sek_49","Sek_50","Sek_51","Sek_52","Sek_53","Sek_54","Sek_55","Sek_56","Sek_57","Sek_58","Sek_59","Sek_60","Sek_61","Sek_62","Sek_63","Sek_64","Toplam Ara Tüketim","Hanehalkı","Devlet","Yatırım","İhracat","Toplam Kullanım"
"Urun_1","268862.74","0.00","0.00","4042.97","8675853.08","1576011.83","4781.70","11298.42","0.36","175.57","18634.94","12509.44","64722.42","3266.76","42.65","49.41","0.00","1.60","692.19","57.90","0.30","3690.71","77.06","1.06","2.97","1010.91","18716.55","1514.51","125205.78","53337.31","3280.95","481.16","0.00","147.57","0.00","605242.63","3.61","95.12","0.00","520.56","0.00","0.00","0.54","10924.70","2307.23","84.24","14882.90","188.12","0.00","2806.22","0.00","0.00","11766.73","9250.91","253813.02","24080.50","9359.34","9339.19","364.33","14099.88","5381.07","0.00","419.34","0.00","11823401.01","1380788.29","0.00","415578.17","26245.66","13646013.13"
"Urun_2","0.00","0.00","0.00","12978.85","12660.90","702.07","179325.06","41808.04","0.21","18.18","5574.52","4.99","548.94","2356.86","111.94","146.25","0.00","966.18","283.01","27.28","1.38","10.52","0.00","58.36","1.31","2.83","1347.91","97.08","405.83","180.31","455.06","0.07","0.00","0.66","1.64","7370.65","0.20","0.23","156.94","0.00","0.00","0.00","0.00","752.87","931.09","0.00","160.25","0.00","0.00","0.00","0.00","0.00","0.00","1027.53","16.62","61.84","27.15","0.00","1012.86","17.92","1.11","68.42","562.24","0.00","272244.17","12686.23","0.00","1057.29","129.62","286117.32"
"Urun_3","0.00","0.00","0.00","32.57","11221.71","5.51","0.00","0.00","0.00","2.84","2.47","0.00","0.00","53.36","0.00","0.00","0.00","0.00","0.00","0.00","0.63","0.00","0.00","0.00","0.00","0.02","191.82","0.00","282.16","1515.02","0.00","30.41","0.00","18.98","0.00","21449.44","0.05","0.00","0.00","0.00","0.00","0.00","0.00","1.95","0.00","0.00","0.00","0.00","0.00","91.16","0.00","0.00","80.14","28.51","227.26","5.31","78.83","1.01","64.78","1.01","8.37","0.00","0.00","0.00","35395.31","65301.99","0.00","224.60","554.24","101476.14"
"Urun_4","4009.92","873.80","1315.77","418167.23","607292.57","980724.22","103700.16","267407.90","858.46","29047602.19","1914347.91","55.93","154416.11","1912762.81","5803152.16","115111.44","13.22","40103.81","6462.26","131574.11","232.53","3983.74","11926.85","26396636.07","463.07","4674.36","351332.39","35408.12","87589.73","117203.99","165766.90","238.25","220.32","460.41","36.01","28964.10","209.20","0.00","2599.28","0.81","0.00","0.00","58.08","1741844.78","21175.90","9345.87","2941.39","0.08","0.00","22261.03","26.64","0.00","110.85","1293.40","2505.43","3334.21","111725.70","2374.16","78.78","701.96","27152.56","4279.74","11200.54","0.00","70680309.21","3614342.64","0.00","1470785.09","362021.65","76127458.59"
"Urun_5","142106.10","23.06","6903.03","4733.10","4669790.69","60362.36","467.79","45093.19","7015.36","473.45","24557.27","7941.08","13926.93","8833.38","2096.09","7400.57","253.31","4848.24","4051.81","4931.81","1081.10","13689.88","2563.49","2598.41","4442.12","7144.39","24508.98","4612.66","104718.16","138107.64","14619.18","1666.11","240.41","723.17","3395.71","2156214.50","621.27","1618.25","2385.11","1292.39","3178.91","1088.47","683.47","1515.21","13.78","12821.15","4967.02","98.85","390.89","12547.22","348.21","107.13","8276.20","44275.31","101313.55","17800.45","24599.97","15759.40","1291.87","15466.59","2502.54","4544.93","25511.41","0.00","7801154.09","3192910.03","0.00","14861.68","30659.99","11039585.80"
"Urun_6","22891.54","566.40","2129.08","18635.56","59878.44","7387995.72","1100.19","84442.04","4272.50","559.24","35449.84","20382.85","74726.74","40783.39","10345.53","16071.18","1101.01","20722.01","26988.74","83907.28","6024.70","416237.07","9007.90","588.28","412.31","4153.11","31229.90","19118.16","223544.17","89051.19","30959.05","125.18","532.78","3153.83","7241.27","54599.87","658.99","3873.48","935.80","211.95","2332.14","1093.26","118.90","3286.64","1394.75","4747.95","2868.88","6.24","5543.19","6067.99","255.90","838.44","35730.77","32354.11","90535.57","8325.82","17662.22","4402.82","1961.27","19586.96","1316.96","25299.96","239189.00","0.00","9319527.98","7256788.56","0.00","-135728.00","276448.61","16717037.15"
"Urun_7","15982.37","291.79","496.25","22274.33","11447.71","9920.74","575398.97","5230.89","930.55","84.39","5366.98","318.73","27338.13","35487.84","18237.43","36863.82","339.12","24365.46","22696.88","2464.43","8496.91","778951.11","52347.97","275.81","1589.98","1636.35","691044.31","3521.30","52170.30","34433.62","5355.01","25.84","0.00","270.05","1.76","888.96","0.08","0.00","75.51","0.00","0.00","0.00","0.00","4243.90","4102.54","9.04","3358.87","4.92","340.16","7180.53","26.06","0.00","0.00","3350.05","3555.83","197.86","1178.17","6.81","102.55","449.02","13954.65","16988.15","8939.08","0.00","2514609.89","83912.88","0.00","31384.59","33892.05","2663799.42"
"Urun_8","9380.48","504.60","1296.08","2226.57","243008.04","181113.50","76859.25","2668482.59","1263069.39","2085.57","43121.35","14975.63","169940.92","106933.55","107960.27","19174.82","5524.41","33650.42","14714.22","8498.15","304.51","18693.80","137.94","3151.59","466.68","606.66","8109.88","3587.03","44755.25","41561.26","2906.90","0.10","257.95","3440.80","5244.71","58067.97","336091.36","1397.14","3667.32","4307.14","64177.29","1093.14","12874.14","1623.42","52.13","24234.03","29882.60","6015.93","6789.79","20728.54","7.19","239.93","178.79","33433.68","108860.30","53089.85","70784.74","5027.82","11155.94","9826.38","15923.60","102.47","806.22","0.00","5986183.75","339749.36","0.00","-10080.38","48433.27","6364286.01"
"Urun_9","0.17","23.48","0.07","20.72","324.66","405.00","21.26","185.88","2641.09","2.02","140.00","178.53","234.72","75.52","41.57","82.59","42.17","296.91","241.64","85.26","26.73","1156.00","36.95","22.54","8.40","17.38","259.88","313.55","5601.06","4576.53","1170.29","15.05","9.61","445.45","135.78","352.40","3763.17","47.32","250.81","128.84","541.65","113.46","262.61","30.10","0.00","260.61","328.80","10.39","1309.54","176.12","20.19","93.00","2051.69","861.07","1425.80","788.06","212.20","97.38","318.19","115.90","429.12","550.85","229.73","0.00","33607.44","0.00","0.00","-900.51","2195.63","34902.56"
"Urun_10","2236541.81","16725.01","80704.92","832107.90","355047.80","225598.49","46574.88","40683.11","21524.28","468133.52","312085.46","22866.81","136838.05","959254.99","246164.80","150288.75","4907.05","224961.55","90233.86","70456.30","11675.59","81169.81","58244.78","220357.09","43220.43","165337.32","2737723.72","272125.28","1543738.88","1340682.96","10422048.91","657121.55","2750423.32","522279.88","179038.53","296865.29","7498.72","8285.20","36599.09","17958.42","16477.96","37523.96","16926.67","229146.71","193684.90","122459.57","77783.83","6070.18","28208.65","19283.84","77564.90","6094.07","154550.49","198476.45","1537190.88","276978.75","97437.77","38645.99","8628.02","18986.39","55588.88","42824.14","279237.70","0.00","31453864.78","5871915.62","0.00","27323.18","71907.80","37425011.38"
"Urun_11","6049423.97","9793.05","2560.58","286290.73","1388438.18","6724824.89","549550.79","1119628.59","182593.35","223569.92","10056211.48","583859.07","9719514.56","1143300.09","1567908.82","582532.60","134658.96","1103869.90","174830.75","384633.75","56348.35","1047863.88","141147.75","3181.23","58267.65","322012.63","711178.07","122847.49","421295.92","512532.74","38429.76","1000.00","0.88","8201.75","240.61","193193.64","6551.93","28741.89","775.15","339.93","10235.01","1058.12","12980.80","211282.27","251749.10","391.18","9640.04","30313.02","8862.17","109746.65","14779.31","3.12","1355.24","181926.20","131608.69","43208.59","200447.26","9725.61","854.28","43744.91","17841.81","66483.04","116335.27","0.00","47136716.99","2063905.02","0.00","-33994.94","468079.47","49634706.55"
"Urun_12","61263.53","0.00","171.88","106.80","244173.65","2883.51","28.07","3201.69","5.04","150.07","13947.48","1113244.28","247.45","2121.81","0.00","0.00","0.00","267.58","1660.90","6011.99","7.80","2079.98","3.50","176.65","3.78","0.00","0.07","0.91","39045.07","11175.87","68.01","0.00","0.00","21.92","0.00","1331.80","0.00","5.45","0.00","0.00","0.00","0.00","1.27","207.53","0.00","0.00","0.29","822.21","0.00","53946.57","11.99","0.00","0.00","67.55","6447.79","19404.61","1114646.20","1099.26","0.00","36428.88","9664.19","0.00","209.37","0.00","2746364.23","1127785.97","4508810.79","-101631.09","171157.20","8452487.10"
"Urun_13","171823.64","2703.37","1114.78","37849.97","434201.36","200679.14","23849.28","87451.43","26370.67","7234.31","96553.19","29976.94","784692.91","56781.57","19782.74","102683.51","28091.67","311531.80","156082.66","559300.10","37823.05","189052.71","26291.54","10958.86","22461.92","5361.77","1154340.48","127452.64","113546.82","88304.94","813507.43","1064.63","0.00","9661.10","6271.10","18925.77","341.01","1615.50","2651.99","16.62","748.22","90.85","658.99","151570.59","186467.21","2108.16","6503.18","135.75","1015.18","3058.26","3998.85","0.00","889.09","31030.33","47353.34","2485.01","23640.16","229.60","251.59","1442.41","1947.75","19033.04","32244.80","0.00","6285307.30","1222175.20","0.00","411352.34","297304.27","8216139.11"
"Urun_14","1089.12","120.08","0.03","19829.56","87755.29","5721.43","3423.06","977.61","167.63","260.32","9996.91","8202.40","74857.76","328494.48","80404.65","45025.57","2626.23","60230.78","28500.54","82237.20","4851.26","34318.83","34620.82","1573.35","957.66","453.89","1176077.88","36977.72","13906.24","8535.65","80942.54","19.01","0.00","23.29","11.49","9522.45","0.00","794.40","722.87","1.53","0.00","0.00","0.00","99491.69","121934.78","0.00","5219.05","2056.74","9.08","2964.49","1385.09","0.00","289.31","3245.61","23098.29","435.60","94944.15","105.39","930.44","350.13","15277.11","641.13","9693.62","0.00","2626303.20","517205.16","0.00","-52022.19","41777.30","3133263.47"
"Urun_15","790.68","420.05","372.44","99425.80","56527.95","16867.79","20112.06","39625.22","44950.82","6525.27","53119.06","8873.77","362267.82","186722.43","8208737.84","4959422.19","85943.18","3748194.90","2399061.32","2332862.00","228087.64","1585217.00","206635.72","16180.38","11151.31","41032.10","7097599.94","12529.27","212671.96","63338.35","57972.50","5036.91","0.00","18082.31","42.73","31196.37","167.82","0.00","1656.25","0.00","0.00","0.00","0.00","21430.50","22674.44","0.00","16315.57","954.12","4003.71","14292.22","12956.50","0.00","1187.99","13881.70","4832.00","73.10","44.69","152.69","23.11","1765.43","6.02","4920.35","26180.50","0.00","32365115.78","0.00","0.00","393243.89","15309058.38","48067418.05"
"Urun_16","22330.64","2760.66","551.14","26212.65","203767.67","116487.59","36144.53","12622.08","2610.38","5004.17","81271.46","847.33","121567.47","27441.68","199882.56","523589.53","21679.46","216782.81","384311.99","465207.07","78698.09","311326.76","140479.32","2253.67","6860.21","12778.46","679874.82","39482.64","39251.77","14495.36","29829.70","170.63","0.00","8979.18","606.99","4097.02","171.38","564.88","11242.96","73.81","0.00","0.00","233.29","89600.52","110662.84","717.25","3269.26","251.00","22.51","2813.98","5699.65","0.00","28.58","4689.51","444849.57","3654.57","17349.30","251.55","12741.05","2976.37","3496.73","33160.75","8943.74","0.00","4597722.52","944178.66","0.00","2406893.65","219145.52","8167940.35"
"Urun_17","33128.11","2795.61","54.05","10372.36","2248.80","1311.15","3.39","726.02","1912.89","3390.38","11599.92","336.97","4312.79","3272.99","1145.86","84193.93","2068606.31","655996.07","139645.37","690066.09","28414.76","15841.29","192790.67","190098.11","10305.21","12659.94","288874.40","34661.58","54936.44","87349.74","35478.18","544.94","0.00","997.80","4357.21","1865.22","3867.99","7162.28","254916.32","30508.87","21187.38","0.00","440.34","647.80","228.55","19588.58","49161.18","25883.73","20907.30","17925.61","699.40","0.00","174.92","402073.81","103077.55","45173.85","370097.16","3578.13","25748.03","7750.53","3973.71","391766.54","7979.45","0.00","6488813.55","6440192.21","0.00","9449884.49","438500.80","22817391.06"
"Urun_18","33825.66","40.20","1070.47","41311.74","82299.49","208352.42","6752.39","13871.81","16743.19","2942.27","33301.51","2438.26","47631.27","101137.85","31696.03","167070.01","292655.99","1993417.58","431718.54","748666.88","57014.68","79376.81","218444.19","111356.31","30898.71","15571.80","2050266.30","176513.55","281815.73","807037.91","118086.25","4417.85","3523.07","34374.30","9743.48","219456.54","19519.11","11025.56","114946.03","24549.07","8414.50","2246.64","15860.59","237350.21","272800.06","97242.34","74018.12","1953.45","83602.36","33453.63","24062.57","6502.28","75140.46","85516.09","255485.59","42942.90","51928.82","4691.75","17006.95","15894.94","14.05","147392.67","74812.12","0.00","10273213.86","2433673.83","0.00","4129126.22","449184.08","17285198.00"
"Urun_19","28206.36","12952.82","651.97","181059.79","28418.16","47351.44","4744.77","22020.68","6174.28","11946.88","18937.52","10091.40","67063.98","98912.90","42792.56","208572.20","105656.42","716484.28","2677438.03","2414769.55","199994.94","141182.73","292482.99","10192.15","19628.98","54905.09","2143463.04","271480.34","141552.89","55344.69","49189.52","606.51","0.00","20982.80","333.79","18440.76","1421.79","898.11","409.42","13937.05","4.60","0.00","214.28","181358.07","220870.85","134.45","5718.65","848.49","0.00","6276.03","103.65","0.00","61368.88","8366.97","38961.38","7134.78","102959.68","121.78","90.59","33869.65","5571.36","60610.54","26120.61","0.00","10901398.84","519790.95","0.00","24472679.96","895409.63","36789279.37"
"Urun_20","56038.17","2650.55","0.00","4989.54","536.48","20.14","12.11","106.15","159.02","41.94","468.18","1.79","224.39","11895.15","225.35","9548.79","17341.62","3760.48","408463.76","8608648.05","37175.93","3140.14","16099.83","75.13","715.33","888.72","11445.20","1209632.77","6096.60","7743.00","540588.19","0.00","0.00","222.62","105.05","228.56","0.00","0.00","0.00","873.95","0.00","0.00","0.00","814.83","1007.72","64.89","0.00","63.17","0.00","0.00","2233.88","0.00","2862.86","1544.38","12929.34","0.00","6756.37","0.00","0.00","890.31","14879.18","295.32","2565.19","0.00","11007070.15","10104914.47","0.00","8448624.90","388652.90","29949262.42"
"Urun_21","180.13","169.30","0.30","457.20","9.23","25.50","0.19","0.00","1.66","0.00","0.59","0.00","5.73","20.62","0.00","0.00","421.83","4025.60","16508.29","26937.27","373775.63","73487.31","229105.48","6.38","45.71","0.00","411.91","8587.78","13906.39","0.00","69275.87","0.00","13693.27","3.41","0.00","0.65","0.00","0.00","0.00","116802.31","0.00","0.00","0.00","2.24","2.77","0.00","0.22","0.00","0.00","0.00","37.38","0.00","0.00","0.00","5070.76","65.45","0.00","24.65","0.00","30.10","26.67","11923.17","0.00","0.00","965048.98","251174.83","0.00","6877085.22","521894.95","8615203.97"
"Urun_22","40015.73","618.30","660.48","6758.66","1838.12","435412.65","3862.44","3513.65","4814.64","403.86","8840.32","2210.12","4288.95","8068.37","862.19","9300.87","6040.87","19431.10","33781.23","10253.22","13256.48","437918.12","34414.46","124.58","746.55","5851.56","132369.90","2155.47","5391.26","26550.47","1864.00","531.06","0.00","345.34","311.98","2480.71","1949.56","1477.59","44.22","36.07","19279.98","1654.54","8983.82","2745.15","3153.13","2443.30","3019.02","13382.67","113.12","4378.33","722.20","0.00","368.11","67431.88","51203.41","42100.60","1000600.20","12735.45","6898.05","17809.22","5905.53","20238.70","101367.38","0.00","2655328.94","4319997.67","29013.89","513341.69","201979.49","7719661.69"
"Urun_23","1858.20","59.79","7229.64","20693.41","25900.38","27600.54","2871.16","4493.50","1730.36","3327.63","3885.64","1653.22","16286.48","20761.33","11338.22","11134.22","11875.97","4939.00","8671.33","9534.36","1241.01","4505.28","2508.57","43.93","4521.06","2423.38","22907.78","2297.90","14797.94","10653.90","7974.88","4504.31","12355.79","6751.29","81.27","11238.24","253.66","806.85","5846.09","3033.10","13022.95","789.41","1689.89","2964.62","696.09","1118.06","585.82","415.93","1016.25","122.71","214.38","6.18","68.53","2627.30","2387.45","5284.20","37488.41","818.89","990.00","1437.00","34.72","344.47","140.62","0.00","388854.51","0.00","0.00","-9193.46","0.00","379661.05"
"Urun_24","4831.62","66.78","28.28","4245.94","7620.70","14830.29","1846.24","1672.48","821.10","162.96","2741.47","540.12","5772.19","11924.73","21971.54","3326.27","229.65","1602.47","1900.24","2584.78","251.64","1072.77","262.44","296723.98","4611.34","741.13","2797.87","1093.49","3544.81","11734.85","1620.79","71.12","57.81","1154.42","213.08","7613.17","114.28","652.81","2474.73","279.01","2258.87","0.00","237.83","10624.87","483.00","729.32","600.94","71.45","423.37","69.32","41.60","8.63","62.93","306.60","8622.67","3732.91","4670.15","253.54","302.86","1162.73","525.44","382.74","583.54","0.00","461960.67","0.00","0.00","-0.00","0.00","461960.67"
"Urun_25","0.00","0.00","0.00","0.00","0.00","0.00","0.00","0.00","0.00","0.00","0.00","0.00","0.00","0.00","0.00","0.00","0.00","0.00","0.00","0.00","0.00","0.00","0.00","0.00","0.00","0.00","0.00","0.00","0.00","0.00","0.00","0.00","0.00","0.00","0.00","0.00","0.00","0.00","0.00","0.00","0.00","0.00","0.00","0.00","0.00","0.00","0.00","0.00","0.00","0.00","0.00","0.00","0.00","0.00","0.00","0.00","0.00","0.00","0.00","0.00","0.00","0.00","0.00","0.00","0.00","0.00","0.00","0.00","0.00","0.00"
"Urun_26","0.00","0.00","0.00","0.00","3653.85","146277.77","0.00","426620.79","0.00","9742.89","86289.51","0.00","127128.58","19151.71","13786029.87","61055.64","3.00","114345.46","37332.59","85861.88","96.89","680.22","18052.54","0.00","0.00","2344706.66","238.37","0.00","48028.87","472.03","6288.49","0.00","0.00","9908.39","0.00","16.15","0.00","0.00","0.00","0.00","0.00","0.00","0.00","217008.16","268378.36","0.00","0.00","0.00","0.00","0.00","0.00","0.00","0.00","93.72","0.00","0.00","43076.27","0.00","0.00","0.00","0.00","0.00","13499.77","0.00","17874038.44","0.00","0.00","-92323.96","4331.82","17786046.31"
"Urun_27","5308.57","8.45","159.62","753.33","160.04","244.97","547.68","46.77","21.01","10.09","27.54","0.00","8.60","511.47","3264.66","247.56","1.84","103.74","115.56","0.00","685.13","235.04","395.05","2287.63","904.97","66.78","510334.10","43.35","714.72","1904.81","862.46","0.06","0.00","15.50","0.00","226.86","7.61","642.51","567.18","30.13","427.84","66.46","1.83","9706.25","11909.32","128.02","6997.89","0.00","2.56","0.00","3.15","124.86","146.68","26.45","44838.40","9.54","205.91","17.96","9.56","2238.97","2.72","38.64","0.69","0.00","608369.10","0.00","0.00","8727.65","0.00","617096.75"
"Urun_28","0.00","0.00","0.00","0.00","0.00","0.00","0.00","0.00","0.00","0.00","0.00","0.00","0.00","0.00","0.00","0.00","0.00","0.00","0.00","0.00","0.00","0.00","0.00","0.00","0.00","0.00","0.00","0.00","0.00","0.00","0.00","0.00","0.00","0.00","0.00","0.00","0.00","0.00","0.00","0.00","0.00","0.00","0.00","0.00","0.00","0.00","0.00","0.00","0.00","0.00","0.00","0.00","0.00","0.00","0.00","0.00","0.00","0.00","0.00","0.00","0.00","0.00","0.00","0.00","0.00","0.00","0.00","0.00","0.00","0.00"
"Urun_29","0.00","0.00","0.00","0.00","0.00","0.00","0.00","0.00","0.00","0.00","0.00","0.00","0.00","0.00","0.00","0.00","0.00","0.00","0.00","0.00","0.00","0.00","0.00","0.00","0.00","0.00","0.00","0.00","0.00","0.00","0.00","0.00","0.00","0.00","0.00","0.00","0.00","0.00","0.00","0.00","0.00","0.00","0.00","0.00","0.00","0.00","0.00","0.00","0.00","0.00","0.00","0.00","0.00","0.00","0.00","0.00","0.00","0.00","0.00","0.00","0.00","0.00","0.00","0.00","0.00","0.00","0.00","0.00","0.00","0.00"
"Urun_30","0.00","0.00","0.00","0.00","0.00","0.00","0.00","0.00","0.00","0.00","0.00","0.00","0.00","0.00","0.00","0.00","0.00","0.00","0.00","0.00","0.00","0.00","0.00","0.00","0.00","0.00","0.00","0.00","0.00","0.00","0.00","0.00","0.00","0.00","0.00","0.00","0.00","0.00","0.00","0.00","0.00","0.00","0.00","0.00","0.00","0.00","0.00","0.00","0.00","0.00","0.00","0.00","0.00","0.00","0.00","0.00","0.00","0.00","0.00","0.00","0.00","0.00","0.00","0.00","0.00","0.00","0.00","0.00","0.00","0.00"
"Urun_31","6595.29","1089.26","85.60","7190.40","15281.32","6918.68","1167.69","2504.49","449.79","1941.23","4868.66","1015.80","3112.09","6986.71","9955.59","4528.03","294.67","2967.01","4759.14","2561.53","399.03","1685.25","793.20","728.45","344.30","2861.94","7388.97","2384.85","37646.40","13055.85","136868.75","298.32","636.32","6862.49","3556.17","1084.22","832.74","884.69","1802.53","413.54","208.29","485.12","2197.15","857.33","923.37","756.72","1025.15","112.55","4660.76","199.26","291.00","227.97","1188.25","1533.61","36631.34","30375.66","3315.35","186.87","1498.66","720.48","760.41","387.50","734.48","0.00","394078.26","0.00","0.00","0.00","0.00","394078.26"
"Urun_32","0.01","8.73","28.72","879.80","2132.47","1463.33","18.27","206.52","13.39","1026.83","1896.12","484.08","1558.04","1284.40","7882.62","1736.63","20.37","604.64","773.51","981.41","496.67","2.76","572.17","5.55","6.11","38.01","40.49","88.96","27447.82","1306.42","20184.71","27959.31","3972.99","21071.19","12.87","3.02","0.08","2.34","1.03","11.06","0.00","0.00","0.23","0.05","0.00","121.57","3.51","0.00","5516.56","0.08","0.44","0.00","0.00","7.24","1410.31","7.79","0.02","0.00","6.70","3854.17","73.42","7.53","0.00","0.00","137233.07","0.00","0.00","0.00","0.00","137233.07"
"Urun_33","372.87","983.71","603.20","1731.01","2581.82","5155.80","675.23","633.81","54.31","18.79","2967.58","3242.83","1855.09","1006.61","615.84","2920.84","271.44","7135.12","3243.16","3913.54","860.49","1175.32","409.71","624.07","3.03","58.27","3352.78","4490.46","31442.99","5409.01","38240.91","3086.23","172262.50","4324.96","26771.24","399.30","172.48","1406.96","482.33","1848.76","20533.53","600.55","208.30","1267.61","0.00","6987.60","3484.69","402.55","1606.61","185.91","9.46","63.71","125243.57","6168.23","41394.21","4042.56","4769.54","0.12","289.60","4649.70","7149.54","180.58","9.90","0.00","566052.46","0.00","0.00","0.00","0.00","566052.46"
"Urun_34","1649.41","1722.10","6559.79","26830.60","104704.11","42770.17","10531.39","13268.16","6228.29","10889.16","91852.70","4419.25","29679.20","20072.69","33422.99","14927.35","704.49","21041.73","5722.60","14140.76","6821.49","6157.86","3009.75","3049.16","50.76","21950.59","67508.90","35731.69","377329.62","72937.09","1055324.19","542824.57","306097.41","541422.81","48965.11","5406.56","498.72","802.40","3032.65","1887.29","18156.75","0.00","54.18","11985.98","10882.27","2866.37","471.60","88.36","230.80","1499.15","953.85","212.37","87191.85","5860.17","48044.26","343.34","1894.24","14.96","3615.44","3700.93","6993.05","7287.34","13544.25","0.00","3787837.08","0.00","0.00","0.00","0.00","3787837.08"
"Urun_35","0.51","58.53","0.00","195.57","966.76","2349.96","117.16","178.15","341.39","31.58","506.26","142.42","569.77","411.23","400.07","589.16","162.49","605.28","602.21","164.71","87.47","1100.24","213.06","277.31","11.34","230.18","1171.69","1920.55","13884.05","17815.76","3307.22","80.01","97.25","1219.51","3639.82","382.73","1132.63","157.56","3882.55","311.57","4359.69","403.16","634.59","103.01","28.53","1271.10","368.69","11.48","219.44","596.58","480.08","148.11","1483.47","805.44","2230.98","742.04","253.29","19.37","43.10","235.70","696.91","663.98","540.89","0.00","75655.32","0.00","0.00","0.00","0.00","75655.32"
"Urun_36","190.93","2076.64","1291.92","4581.91","27253.70","29641.51","1826.81","1988.77","2383.49","984.20","5224.33","3145.16","7974.32","5014.69","8524.71","12031.01","1046.97","10637.19","9858.04","5526.23","2501.24","5989.09","2587.94","2071.74","140.34","14453.91","44174.59","19734.92","136391.90","144404.00","32667.54","376.46","7083.17","11129.64","3358.22","34104.79","3085.74","8534.66","6645.68","9201.30","83065.25","6083.20","11242.33","6275.75","3101.60","22044.13","18353.90","2107.75","7422.64","2078.32","385.54","1221.65","270884.29","34150.49","48743.27","34256.35","181716.08","19888.31","5447.22","12851.41","32453.66","7165.54","6131.98","0.00","1446910.07","0.00","0.00","0.00","0.00","1446910.07"
"Urun_37","19.42","66.48","0.00","276.43","4512.01","5183.31","369.32","1782.37","779.79","148.85","2033.64","243.49","765.39","1349.93","305.13","1525.61","26320.65","6422.40","2454.10","1704.35","202.54","2638.39","246.68","245.45","97.62","74.16","3477.00","10609.66","20115.29","24562.45","975.10","294.77","303.58","1950.17","1040.17","3343.78","12423.05","4680.65","8842.62","28041.03","13296.32","1681.03","4115.25","1673.29","0.00","2405.40","4249.10","46.23","51029.20","1099.28","138.43","297.55","2951.23","1130.09","24744.30","26205.40","2038.66","379.40","1044.11","762.55","1102.91","184.91","219.18","0.00","321220.65","240577.50","13112.47","186088.29","10888.66","771887.56"
"Urun_38","0.58","1.70","0.01","56.15","5332.56","551.58","10.46","3093.00","419.81","270.71","2943.69","157.36","916.26","1024.25","680.62","421.79","1115.33","4468.36","795.77","1973.10","50.04","314.75","492.76","929.76","0.41","14.23","665.18","653.41","13562.52","7671.33","1200.40","13.70","39.85","160.71","781.86","6218.19","3572.94","712392.96","10814.85","2509.77","14500.24","1333.69","5278.19","392.88","0.02","3564.48","59.83","0.67","483835.67","41.79","63.67","111.27","3984.28","8022.99","6695.90","1109.46","1388.93","69.72","4201.25","1458.78","12637.48","69.14","1.48","0.00","1335114.50","75989.82","0.00","0.00","4253.81","1415358.12"
"Urun_39","1386.77","471.72","168.10","274.92","1578.12","2685.52","151.82","335.13","389.08","57.58","690.54","272.42","730.09","617.09","367.19","948.44","127.04","519.63","1069.91","766.55","85.55","774.68","187.65","368.77","116.91","372.65","3507.87","2635.24","12608.53","12496.49","3668.43","476.50","300.38","878.19","509.53","3145.84","1192.00","871.96","90374.32","1929.93","10240.89","1106.81","1434.20","810.53","295.88","3582.40","718.01","69.14","1206.13","393.65","107.53","254.90","778.56","2176.23","16470.43","2204.20","3788.30","160.32","459.94","925.98","2824.75","823.03","3744.25","0.00","204685.15","0.00","0.00","-0.00","0.00","204685.15"
"Urun_40","7.27","0.89","0.00","100.03","1338.29","382.91","38.24","333.41","51.46","59.05","454.43","113.85","701.43","153.48","436.39","183.86","35.41","271.77","142.61","389.86","54.44","157.80","66.09","502.00","128.05","212.75","478.81","232.86","2617.31","3255.11","647.89","67.84","24.19","113.69","58.88","309.08","3225.71","1808.33","1370.61","4012.66","8017.87","156.64","70.54","66.18","0.00","735.33","77.55","38.73","453.24","66.48","59.55","139.85","5179.67","144.90","253.62","714.43","1804.90","107.27","125.36","123.92","37.60","142.52","396.41","0.00","43451.31","0.00","0.00","0.00","0.00","43451.31"
"Urun_41","19080.53","731.08","252.05","14705.93","73915.08","80445.54","5980.13","8748.55","5464.87","16607.68","21412.46","5835.25","21818.71","28962.56","47302.99","23555.26","6189.43","23768.76","20949.08","33379.32","4736.14","23812.54","8648.53","108744.39","3115.16","10433.38","144005.10","24357.26","139260.96","127713.49","129899.38","8910.34","21707.14","17302.01","3760.78","38383.74","2910.79","4016.23","23210.52","6057.26","366664.30","49417.13","15946.13","65281.38","75615.38","10578.44","9329.40","505.82","9285.46","3838.94","4085.09","1432.51","17878.71","13991.14","47286.78","28934.02","31947.55","1882.68","5414.37","18301.25","22416.68","3091.64","4556.31","0.00","2117771.51","0.00","0.00","0.00","0.00","2117771.51"
"Urun_42","817.76","14.29","533.17","1539.75","3380.12","2807.66","455.96","762.05","390.63","555.61","1525.23","433.46","1308.15","2613.25","2519.13","1673.84","299.20","1866.10","1843.38","1421.80","572.21","807.24","242.00","7658.69","135.62","644.46","8625.38","4016.49","9331.17","5859.30","10711.05","1175.03","1925.70","1761.74","521.24","2127.15","271.70","634.71","1852.80","436.70","2678.77","960282.14","412.05","4097.45","4541.02","1139.45","533.60","171.24","179.76","13.29","1261.08","61.01","102.67","747.68","14986.08","2199.19","5467.88","118.16","564.68","1648.16","216.99","449.55","133.13","0.00","1088075.96","0.00","0.00","0.00","0.00","1088075.96"
"Urun_43","0.00","0.00","0.00","1.76","74.13","538.34","18.47","23.34","3.70","0.03","90.19","0.00","64.31","25.57","26.20","13.35","4.06","223.13","93.51","0.00","0.64","41.90","26.98","0.00","23.27","4.01","433.29","1001.54","1158.88","2120.39","1543.88","12.86","0.00","85.77","0.00","25.25","0.84","15.06","228.96","2.90","0.00","71786.16","1691.96","0.00","0.00","0.00","0.00","0.00","0.00","0.00","23.75","0.00","765.56","5.40","0.00","23.46","0.00","28.02","10.27","113.98","0.00","0.00","576.18","0.00","82951.23","0.00","0.00","0.00","0.00","82951.23"
"Urun_44","0.00","0.00","0.00","0.00","0.00","0.00","0.00","0.00","0.00","0.00","0.00","0.00","0.00","0.00","0.00","0.00","0.00","0.00","0.00","0.00","0.00","0.00","0.00","0.00","0.00","0.00","0.00","0.00","0.00","0.00","0.00","0.00","0.00","0.00","0.00","0.00","0.00","0.00","0.00","0.00","0.00","0.00","0.00","0.00","0.00","0.00","0.00","0.00","0.00","0.00","0.00","0.00","0.00","0.00","0.00","0.00","0.00","0.00","0.00","0.00","0.00","0.00","0.00","0.00","0.00","0.00","0.00","0.00","0.00","0.00"
"Urun_45","0.00","0.00","0.00","0.00","0.00","0.00","0.00","0.00","0.00","0.00","0.00","0.00","0.00","0.00","0.00","0.00","0.00","0.00","0.00","0.00","0.00","0.00","0.00","0.00","0.00","0.00","0.00","0.00","0.00","0.00","0.00","0.00","0.00","0.00","0.00","0.00","0.00","0.00","0.00","0.00","0.00","0.00","0.00","0.00","0.00","0.00","0.00","0.00","0.00","0.00","0.00","0.00","0.00","0.00","0.00","0.00","0.00","0.00","0.00","0.00","0.00","0.00","0.00","0.00","0.00","0.00","0.00","0.00","0.00","0.00"
"Urun_46","20.88","21.56","64.85","2222.63","4887.52","5269.85","639.62","1338.03","1908.17","543.38","3519.57","1142.87","2167.83","2469.44","1778.14","3146.08","341.85","2343.16","2152.72","1836.63","365.01","2224.24","836.50","4250.21","350.50","993.28","20458.64","9413.79","22616.01","26052.55","9104.20","473.60","618.45","2616.70","583.70","5742.21","576.60","596.84","4609.71","2594.66","18684.65","1285.54","2077.77","1498.25","297.11","10171.01","3001.42","343.88","2620.34","1441.01","469.45","429.10","1480.87","3508.05","11816.36","1660.29","16671.93","248.06","558.93","954.68","3407.87","1255.68","5583.40","0.00","242357.86","0.00","0.00","0.00","0.00","242357.86"
"Urun_47","188.28","113.35","0.00","6476.88","1807.07","2504.17","991.99","907.19","67.75","432.95","1248.68","8.98","1222.02","1492.40","789.94","1722.98","716.68","1716.13","1448.11","1518.85","1963.85","1267.65","2498.44","1943.27","995.87","519.05","224206.21","1900.69","13044.65","26842.64","27311.57","213.52","14.30","235.20","205.27","3073.56","852.90","182.88","1839.51","167.64","0.00","540.59","62.42","7107.05","7525.59","8835.90","76898.23","0.11","195.54","980.00","209.40","4.93","219.58","2259.89","25681.27","769.67","1618.78","1283.15","189.64","1028.04","6259.90","570.80","1246.79","0.00","478140.32","0.00","0.00","0.00","24.69","478165.01"
"Urun_48","0.00","0.00","0.00","0.00","0.00","0.00","0.00","0.00","0.00","0.00","0.00","0.00","0.00","0.00","0.00","0.00","0.00","0.00","0.00","0.00","0.00","0.00","0.00","0.00","0.00","0.00","0.00","0.00","0.00","0.00","0.00","0.00","0.00","0.00","0.00","0.00","0.00","0.00","0.00","0.00","0.00","0.00","0.00","0.00","0.00","0.00","0.00","0.00","0.00","0.00","0.00","0.00","0.00","0.00","0.00","0.00","0.00","0.00","0.00","0.00","0.00","0.00","0.00","0.00","0.00","0.00","0.00","0.00","0.00","0.00"
"Urun_49","2.45","364.33","64.96","239.76","31484.71","2501.79","30.12","5806.64","1396.19","904.08","11013.56","1943.55","2383.07","3665.09","984.59","1461.55","2209.73","14899.97","3574.42","4625.57","297.31","3811.73","72.26","550.80","70.62","393.23","5909.14","15733.89","78354.90","39144.72","1399.85","44.33","7827.23","706.59","1333.38","7210.65","9003.44","9694.48","23254.31","12929.58","34963.04","4548.73","1762.07","1696.43","864.25","3111.17","1187.60","5.51","106648.79","486.32","506.10","506.84","6005.18","1996.57","6086.28","3114.26","5064.99","159.98","14385.19","2810.89","6761.07","3136.60","8264.47","0.00","521370.92","0.00","0.00","0.00","0.00","521370.92"
"Urun_50","13422.85","4.78","0.36","188.19","329.70","624.24","25.48","84.95","88.70","14.85","443.27","162.00","253.23","396.94","216.55","495.10","107.63","308.10","195.06","524.32","32.89","196.60","81.58","384.61","237.59","86.67","1433.60","126.74","2627.41","4101.20","158.21","91.04","52.76","184.26","66.80","649.15","174.39","87.37","177.51","583.87","3335.71","183.05","3.85","452.05","3.07","1315.43","1585.99","674.54","166.94","6839.19","3.26","87.88","40.01","251.79","706.96","344.37","854.24","7.97","2002.75","2856.74","2523.86","7.77","0.60","0.00","53668.55","0.00","0.00","0.00","77.17","53745.72"
"Urun_51","205.21","61.70","8.56","8373.20","4913.28","2760.40","346.54","1063.52","794.85","317.68","1683.59","4433.30","1730.24","5964.97","1198.01","1967.08","355.74","2221.26","919.36","1353.86","506.37","1257.37","639.68","3184.63","2806.24","3598.86","40237.64","4128.23","27998.48","6124.07","20513.82","1443.39","5637.74","4693.83","5372.98","2726.61","636.37","10140.68","8236.90","2194.26","2471.86","2254.40","733.19","1270.42","0.00","34648.50","1609.97","283.33","3736.62","265.82","8316.58","244.21","3059.74","3461.30","35691.53","3145.68","3107.77","2044.24","3454.13","734.15","831.62","380.42","1105.74","0.00","305601.75","0.00","0.00","0.00","0.00","305601.75"
"Urun_52","0.00","0.00","0.00","982.59","1061.63","1714.82","92.69","249.63","203.92","83.89","334.85","236.91","1782.99","625.20","1071.77","636.90","84.13","425.82","500.23","736.94","212.12","349.68","67.81","260.70","176.47","149.19","2303.68","480.98","3158.04","2390.01","981.62","68.03","1045.42","511.50","1248.33","1475.66","68.99","109.55","525.85","504.93","137.00","0.00","75.70","129.46","0.00","501.81","340.27","13.78","233.78","25.67","13.70","420.68","91.57","2432.08","265.17","744.70","6548.13","82.92","50.43","166.76","0.78","322.17","130.91","0.00","39640.91","0.00","0.00","0.00","0.00","39640.91"
"Urun_53","0.00","0.10","0.00","5413.87","21561.68","196.30","0.00","294.63","1165.58","236.89","14773.13","467.38","273.12","857.64","3207.42","4300.78","4324.09","2450.99","769.04","266.66","0.00","47944.95","2778.92","3021.08","0.00","870.34","10584.59","1994.71","9761.20","115547.58","8628.04","465.84","144318.43","18209.68","478.37","74722.36","48.81","6252.13","120.61","742.53","1739.45","3017.97","91.96","0.00","0.00","0.00","2179.89","0.13","2935.08","0.00","140.37","26.20","503434.22","15244.65","1067.78","178.07","430.46","33.73","23367.40","32681.67","0.00","0.00","59.71","0.00","1093678.19","0.00","0.00","0.00","0.00","1093678.19"
"Urun_54","0.07","28.63","0.00","4736.13","22789.88","19610.36","1426.98","2452.52","2262.84","866.24","6113.97","9118.31","4545.00","10013.65","6761.44","8578.05","1165.46","6776.51","7939.69","8898.67","1689.16","5803.46","1734.47","11138.75","4358.56","28984.86","12216.34","8251.29","45745.51","65862.67","29886.66","2518.53","2740.46","15480.96","4970.38","13405.39","3557.95","3449.11","39323.19","2990.19","18879.26","2420.17","900.41","35060.31","29287.87","9017.27","5013.43","102.76","2236.87","4008.54","478.37","917.24","13033.91","41251.09","126341.83","31670.97","72372.05","5061.53","13750.10","11936.27","8428.00","1614.67","2680.05","0.00","864655.28","0.00","0.00","0.00","0.00","864655.28"
"Urun_55","0.00","0.00","0.00","0.00","0.00","0.00","0.00","0.00","0.00","0.00","0.00","0.00","0.00","0.00","0.00","0.00","0.00","0.00","0.00","0.00","0.00","0.00","0.00","0.00","0.00","0.00","0.00","0.00","0.00","0.00","0.00","0.00","0.00","0.00","0.00","0.00","0.00","0.00","0.00","0.00","0.00","0.00","0.00","0.00","0.00","0.00","0.00","0.00","0.00","0.00","0.00","0.00","0.00","0.00","0.00","0.00","0.00","0.00","0.00","0.00","0.00","0.00","0.00","0.00","0.00","0.00","0.00","0.00","0.00","0.00"
"Urun_56","0.00","0.00","0.00","0.00","0.00","0.00","0.00","0.00","0.00","0.00","0.00","0.00","0.00","0.00","0.00","0.00","0.00","0.00","0.00","0.00","0.00","0.00","0.00","0.00","0.00","0.00","0.00","0.00","0.00","0.00","0.00","0.00","0.00","0.00","0.00","0.00","0.00","0.00","0.00","0.00","0.00","0.00","0.00","0.00","0.00","0.00","0.00","0.00","0.00","0.00","0.00","0.00","0.00","0.00","0.00","0.00","0.00","0.00","0.00","0.00","0.00","0.00","0.00","0.00","0.00","0.00","0.00","0.00","0.00","0.00"
"Urun_57","0.00","0.00","0.00","0.00","0.00","11.44","0.00","0.00","0.00","0.00","0.00","0.00","0.00","0.00","0.00","0.00","0.00","0.00","0.00","0.00","0.00","0.00","5.26","0.00","0.00","0.00","0.00","0.00","0.00","0.00","0.00","0.00","0.00","0.00","0.00","0.00","0.00","0.00","0.00","0.00","38.91","23.46","0.00","0.00","0.00","0.00","0.00","0.00","0.00","0.00","0.00","0.00","0.00","0.00","37.19","0.00","12581.61","0.00","0.00","53.24","98.36","0.00","0.00","0.00","12849.47","0.00","0.00","0.00","0.00","12849.47"
"Urun_58","0.00","0.00","0.00","0.00","0.00","0.00","0.00","0.00","0.00","0.00","0.00","0.00","0.00","0.00","0.00","0.00","0.00","0.00","0.00","0.00","0.00","0.00","0.00","0.00","0.00","0.00","0.00","0.00","0.00","0.00","0.00","0.00","0.00","0.00","0.00","0.00","0.00","0.00","0.00","0.00","0.00","0.00","0.00","0.00","0.00","0.00","0.00","0.00","0.00","0.00","0.00","0.00","0.00","0.00","0.00","0.00","0.00","0.00","0.00","0.00","0.00","0.00","0.00","0.00","0.00","0.00","0.00","0.00","0.00","0.00"
"Urun_59","0.00","0.00","0.00","0.00","0.00","0.00","0.00","0.00","0.00","0.00","0.00","0.00","0.00","0.00","0.00","0.00","0.00","0.00","0.00","0.00","0.00","0.00","0.00","0.00","0.00","0.00","0.00","0.00","0.00","0.00","0.00","0.00","0.00","0.00","0.00","0.00","0.00","0.00","0.00","0.00","0.00","0.00","0.00","0.00","0.00","0.00","0.00","0.00","0.00","0.00","0.00","0.00","0.00","0.00","0.00","0.00","0.00","0.00","0.00","0.00","0.00","0.00","0.00","0.00","0.00","53465.53","19799.94","0.00","361.89","73627.37"
"Urun_60","0.00","0.00","0.00","0.00","0.00","0.00","0.00","0.00","0.00","0.00","0.00","0.00","0.00","0.00","0.00","0.00","0.00","0.00","0.00","0.00","0.00","0.00","0.00","0.00","0.00","0.00","0.00","0.00","0.00","0.00","0.00","0.00","0.00","0.00","0.00","0.00","0.00","0.00","0.00","0.00","0.00","0.00","0.00","0.00","0.00","0.00","0.00","0.00","0.00","0.00","0.00","0.00","0.00","0.00","0.00","0.00","0.00","0.00","0.00","0.00","0.00","0.00","0.00","0.00","0.00","0.00","0.00","0.00","0.00","0.00"
"Urun_61","0.00","0.00","0.00","0.00","0.00","0.00","0.00","0.00","0.00","0.00","0.00","0.00","0.00","0.00","0.00","0.00","0.00","0.00","0.00","0.00","0.00","0.00","0.00","0.00","0.00","0.00","0.00","0.00","0.00","0.00","0.00","0.00","0.00","0.00","0.00","0.00","0.00","0.00","0.00","0.00","0.00","0.00","0.00","0.00","0.00","0.00","0.00","0.00","0.00","0.00","0.00","0.00","0.00","0.00","0.00","0.00","0.00","0.00","0.00","0.00","0.00","0.00","0.00","0.00","0.00","0.00","0.00","0.00","0.00","0.00"
"Urun_62","0.00","0.00","0.00","0.00","0.00","0.00","0.00","0.00","0.00","0.00","0.00","0.00","0.00","0.00","0.00","0.00","0.00","0.00","0.00","0.00","0.00","0.00","0.00","0.00","0.00","0.00","0.00","0.00","0.00","0.00","0.00","0.00","0.00","0.00","0.00","0.00","0.00","0.00","0.00","0.00","0.00","0.00","0.00","0.00","0.00","0.00","0.00","0.00","0.00","0.00","0.00","0.00","0.00","0.00","0.00","0.00","0.00","0.00","0.00","0.00","0.00","0.00","0.00","0.00","0.00","0.00","0.00","0.00","0.00","0.00"
"Urun_63","0.00","1.73","94.04","0.00","0.00","105.62","0.00","33.52","0.00","0.00","15.06","0.00","240.92","0.00","0.00","0.00","0.00","0.00","0.00","0.00","0.04","0.00","0.00","0.00","0.00","0.00","8.31","1971.79","0.00","277.94","254.92","0.00","0.00","0.00","0.00","1608.81","0.00","248.11","0.00","0.00","0.00","2.84","0.00","0.00","0.00","0.00","0.00","0.00","0.00","0.00","0.00","0.00","0.00","79.09","67.06","0.00","433.42","0.00","0.00","105.66","3089.54","0.00","246.66","0.00","8885.05","0.00","0.00","0.00","35.18","8920.23"
"Urun_64","0.00","0.00","0.00","0.00","0.00","0.00","0.00","0.00","0.00","0.00","0.00","0.00","0.00","0.00","0.00","0.00","0.00","0.00","0.00","0.00","0.00","0.00","0.00","0.00","0.00","0.00","0.00","0.00","0.00","0.00","0.00","0.00","0.00","0.00","0.00","0.00","0.00","0.00","0.00","0.00","0.00","0.00","0.00","0.00","0.00","0.00","0.00","0.00","0.00","0.00","0.00","0.00","0.00","0.00","0.00","0.00","0.00","0.00","0.00","0.00","0.00","0.00","0.00","0.00","0.00","0.00","0.00","0.00","0.00","0.00"
"Toplam","9253850.34","61988.47","117226.18","2142574.80","17545960.92","18587923.94","1666891.78","4947298.90","1614246.24","29829841.16","13012084.00","1878528.30","12064215.15","5185335.41","30292642.64","7200255.45","2833910.18","9416572.81","7136193.38","16816261.38","1167502.34","5352395.01","1714289.24","27418860.95","235856.42","3090981.22","20448833.65","2537914.57","4624618.41","4252774.21","14032019.15","1268564.98","3458020.48","1301587.83","324649.32","3955397.75","427451.65","836674.19","673552.10","294273.01","784259.07","1154430.69","121219.81","3370201.01","1830046.53","422282.08","448715.60","94524.99","846980.07","364249.73","163195.38","20825.65","1401686.39","1272407.26","3776863.40","773154.27","3759988.93","141237.65","171304.37","349718.69","320190.24","879631.15","1036678.71","0.00","312523809.57","52133422.43","4570737.09","58822388.37","20274605.73","448324963.19"
