index,Sek_1,Sek_2,Sek_3,Sek_4,Sek_5,Sek_6,Sek_7,Sek_8,Sek_9,Sek_10,Sek_11,Sek_12,Sek_13,Sek_14,Sek_15,Sek_16,Sek_17,Sek_18,Sek_19,Sek_20,Sek_21,Sek_22,Sek_23,Sek_24,Sek_25,Sek_26,Sek_27,Sek_28,Sek_29,Sek_30,Sek_31,Sek_32,Sek_33,Sek_34,Sek_35,Sek_36,Sek_37,Sek_38,Sek_39,Sek_40,Sek_41,Sek_42,Sek_43,Sek_44,Sek_45,Sek_46,Sek_47,Sek_48,Sek_49,Sek_50,Sek_51,Sek_52,Sek_53,Sek_54,Sek_55,Sek_56,Sek_57,Sek_58,Sek_59,Sek_60,Sek_61,Sek_62,Sek_63,Sek_64,Toplam Ara Tüketim,Hanehalkı,Devlet,Yatırım,İhracat,Toplam Kullanım
Urun_1,35146986.83,23867.57,6175.10,32185.84,40415953.32,4405629.41,59754.89,32399.94,0.98,732.46,81432.14,34946.92,358107.10,9059.20,115.30,135.62,0.00,47.24,2480.05,327.13,3.98,33516.91,208.48,2.88,38.12,5839.81,141644.46,5692.41,462712.60,248945.26,9495.75,1674.01,0.00,634.87,0.00,2279153.54,12.77,454.82,0.00,1407.42,0.00,0.00,7.27,34892.11,7958.06,353.41,73348.50,509.15,0.00,36038.99,0.00,0.00,44774.29,42457.52,949023.88,94646.92,36407.34,34648.00,1759.81,50325.81,14617.50,0.00,1284.79,0.00,85224828.49,61781184.42,0.00,14511193.16,9099279.20,170616485.27
Urun_2,55695.17,89464.25,2151.93,84904.88,86066.99,12305.68,1182173.84,273608.53,1.37,144.14,99871.08,89.07,6855.89,18499.29,1599.51,1702.04,0.00,6691.09,5086.20,178.48,9.00,68.96,0.00,381.79,117.15,1767.54,15414.54,635.10,3281.73,1181.39,2976.89,44.48,0.00,4.31,10.76,48281.32,3.61,141.68,1026.70,0.00,0.00,0.00,0.00,10156.97,12561.33,0.00,2950.16,0.00,0.00,0.00,0.00,0.00,0.00,9419.50,1130.78,2398.26,413.61,0.00,6625.91,509.10,695.57,447.57,3678.07,0.00,2053423.19,2125648.76,0.00,34032.15,13417.68,4226521.79
Urun_3,0.00,0.00,91656.10,757.17,260875.28,127.99,0.00,0.00,0.00,65.97,57.50,0.00,0.00,1240.69,0.00,0.00,0.00,0.00,0.00,0.00,14.68,0.00,0.00,0.00,0.00,0.47,4458.14,0.00,6557.37,35220.64,0.00,706.92,0.00,441.19,0.00,499120.87,1.27,0.00,0.00,0.00,0.00,0.00,0.00,45.27,0.00,0.00,0.00,0.00,0.00,2119.40,0.00,0.00,1855.95,662.72,5282.58,123.40,1832.03,23.58,1506.18,23.43,194.56,0.00,0.00,0.00,914971.37,2621688.66,0.00,17495.65,347507.27,3901662.95
Urun_4,443105.11,10862.21,639.67,1356491.87,276342.32,122267.33,12791.07,6060.57,3990.35,2512514.54,258254.05,208.10,29326.10,5906435.73,4392302.12,118332.87,42.62,128588.41,20064.64,26552.77,3192.71,29374.19,29923.41,1689971.26,5083.21,80154.07,4940171.52,52407.66,649458.21,123612.46,264329.62,5799.67,40.15,1380.46,375.46,93831.41,584.07,0.00,821.79,0.10,0.00,0.00,2479.16,60018.22,47866.35,7520.69,105476.74,0.59,0.00,2714.22,1316.12,0.00,19365.14,26093.43,6491.77,8149.70,111557.75,3727.77,11.70,3532.83,8357.12,10794.71,34001.97,0.00,24055159.82,2292572.20,0.00,1487637.99,4903240.18,32738610.18
Urun_5,6366487.28,309.54,162429.19,33394.89,18359054.66,450575.00,8642.11,87801.48,12070.21,5051.49,82246.62,66995.99,17754.75,31299.66,19823.71,27095.72,991.63,17934.56,18522.83,6749.20,6069.51,76258.62,21870.75,18317.97,5607.52,21844.10,116822.91,41419.61,580085.54,1322785.24,136768.54,16771.43,2143.25,21338.40,28978.16,14852830.76,4838.51,15740.79,20482.06,9327.66,43468.59,8356.15,5955.00,13925.93,84.37,54288.51,37523.63,1297.13,2274.84,39656.69,1203.52,830.72,61796.85,284284.57,1308328.69,243457.66,235119.87,152248.42,16694.22,150511.77,31961.63,17212.03,199761.08,0.00,46005773.68,108786917.49,0.00,629901.76,17857205.10,173279798.03
Urun_6,86778.71,3357.52,7888.74,76505.05,244563.09,46274244.75,4354.97,331539.25,18132.87,3385.05,179915.05,113752.33,290636.45,156585.14,50907.82,65353.59,4116.86,81683.34,105248.74,316493.85,23083.93,1753565.02,37260.99,4832.06,3249.75,18704.35,146128.44,74695.18,941932.46,689830.80,130313.96,995.09,4376.64,24603.53,39149.02,258774.73,2632.44,9448.63,2749.13,1695.59,8842.01,5205.32,409.33,14424.85,7625.21,25585.71,21329.80,16.45,22834.94,31543.26,1028.81,6433.15,109979.98,197533.90,586795.31,53181.46,83563.24,23264.89,13685.26,79289.22,6127.20,101350.70,909898.83,0.00,54893413.76,45657772.32,0.00,-2360554.01,53998053.78,152188685.85
Urun_7,88242.76,617.07,1193.91,45823.90,57793.41,53415.11,1694584.85,29561.24,5216.40,478.14,23752.53,1805.83,75964.50,183325.87,61262.59,165380.36,1893.06,128711.71,86575.59,13356.74,22061.69,2925053.17,292935.39,540.72,2790.78,9123.57,3751878.68,11817.67,180986.78,88059.58,25839.43,146.44,0.00,798.07,9.98,2870.58,0.23,0.00,427.83,0.00,0.00,0.00,0.00,10856.57,9474.11,51.22,18063.42,27.86,1927.46,40228.76,49.61,0.00,0.00,16163.94,15622.01,812.34,5734.12,35.46,277.42,1355.20,79027.83,69792.70,50415.31,0.00,10354211.47,99850.68,0.00,421935.93,1149115.79,12025113.87
Urun_8,200338.98,10778.31,13182.17,7717.06,2015203.46,910111.90,89498.49,1776117.58,690847.04,41018.45,334400.27,109806.90,279461.26,387904.55,124265.82,187786.14,40018.51,251101.38,85504.73,89775.47,6334.40,101190.81,797.69,66359.65,6594.46,5845.11,114793.02,34408.52,525165.18,432325.30,62080.27,2.23,5508.99,72745.71,56908.52,423877.10,174933.49,7443.48,55313.13,72691.38,170999.66,23346.66,66419.65,17531.15,1113.43,337875.94,173851.33,3990.55,23582.07,15493.47,153.55,5124.16,607.08,186610.28,222002.62,242692.54,221198.33,38872.00,54887.56,19441.90,24508.98,1830.35,9288.77,0.00,11731578.97,4216435.37,0.00,-3184.53,2778450.65,18723280.46
Urun_9,48.11,6600.84,20.30,5824.65,91247.19,113828.82,5975.34,52450.58,742251.69,566.81,39346.79,50176.47,65970.73,21348.89,11683.25,23213.86,12043.47,83447.65,67914.72,23963.16,12094.75,325274.82,10384.26,6336.91,2366.33,4885.61,73046.21,88126.52,1574305.18,1286329.29,328915.16,4229.79,2700.32,125197.67,43215.60,99038.59,1061150.37,54324.73,72270.78,36365.31,152238.68,31890.54,73809.22,8458.61,0.00,73248.73,95106.26,3362.65,368060.59,49504.54,5676.11,26140.05,576840.94,242031.26,429249.56,232681.99,59953.75,27430.99,90298.03,32886.21,120990.71,154828.09,64570.83,0.00,9547739.88,147516.02,0.00,-471467.05,8598.38,9232387.23
Urun_10,2089304.28,16169.56,75575.75,778826.56,327617.17,209862.02,43613.02,36950.25,19760.04,437605.44,291360.12,21391.56,126919.73,889754.74,195680.98,139612.81,4606.34,209796.58,84369.25,65581.78,10891.41,75823.73,54963.23,204824.43,40430.76,155275.36,2565028.73,255483.32,1450122.94,1273345.46,9797030.43,617778.11,2570222.27,489517.31,168707.09,276589.41,6963.75,7768.66,34464.99,16788.28,15458.93,35204.70,15855.41,214696.62,181850.66,116320.30,73202.30,5661.36,26459.17,19004.91,73575.04,5886.30,157578.61,186521.93,1440917.45,258947.35,91801.44,36458.93,8090.85,17823.57,51969.56,40528.42,268623.71,0.00,29478815.17,1957814.78,0.00,89349.79,12168589.55,43694569.29
Urun_11,2420993.43,8053.32,10753.61,200392.03,787487.06,4276624.20,418092.86,817558.44,390994.75,195002.80,5155217.31,388825.32,4137341.45,828300.75,641843.92,491135.49,86143.03,605576.12,159289.97,372996.04,49298.44,685209.36,74250.56,3653.86,24535.76,190191.43,1570769.70,169040.03,296389.29,257349.12,48384.57,1899.03,1.76,26632.22,257.24,309778.71,20246.94,19497.49,1053.00,613.79,19471.90,2106.65,14438.76,526382.20,631272.02,778.80,13730.21,14186.63,12670.53,111154.08,14963.57,6.02,1909.25,313693.37,253766.71,63261.59,242079.14,15410.04,1345.82,64497.16,30311.72,31892.97,231436.94,0.00,28752440.29,4677917.15,0.00,-556235.10,10868325.44,43742447.78
Urun_12,112902.97,0.00,314.82,84.83,48462.10,1138.41,51.73,3006.77,0.31,9.31,976.83,362753.95,15.34,218.06,0.00,0.00,0.00,493.12,626.18,5158.99,14.37,3833.30,6.45,11.94,6.96,0.00,0.12,1.68,42379.93,19066.52,28.75,0.00,0.00,9.01,0.00,179.50,0.00,0.34,0.00,0.00,0.00,0.00,0.08,382.46,0.00,0.00,0.54,1024.76,0.00,88751.01,22.09,0.00,0.00,31.66,11810.06,35741.28,1311228.45,2024.94,0.00,66639.32,17701.21,0.00,385.85,0.00,2137496.30,1148624.67,4592122.47,-583524.18,1446429.60,8741148.86
Urun_13,442432.24,9412.80,6111.78,147402.11,2363779.11,1007658.81,118195.72,476922.16,144366.42,36888.41,529113.34,158961.93,3678247.91,285135.47,99593.63,458449.96,151950.65,1537103.82,510627.40,1536891.12,118318.28,1005698.68,121332.27,59839.63,115316.07,21182.63,5865823.71,394562.89,598789.71,470331.03,1541667.51,5853.49,0.00,49577.76,32519.50,99816.90,1590.52,8898.33,14447.73,91.53,4087.36,500.42,3578.58,834833.71,1027088.58,11193.70,34461.24,729.41,5591.77,15380.34,10435.48,0.00,4898.69,162186.50,174536.95,8947.98,94526.18,1180.29,1036.33,3404.82,10288.57,82525.95,168333.32,0.00,26884649.16,4844858.89,0.00,1124698.48,10770942.67,43625149.21
Urun_14,106151.50,28725.87,0.14,197939.76,450672.08,33077.31,22024.29,5258.26,1353.51,5348.56,116164.88,41401.33,394527.50,5952075.49,326753.60,300427.52,10497.91,326031.05,149284.44,425849.23,24472.66,195574.61,184108.62,128261.06,28938.79,29394.50,25528786.97,245611.98,436343.72,132810.90,827762.93,389.68,0.00,238.50,131.80,151866.99,0.00,3979.13,2223.30,374.91,0.00,0.00,0.00,1475148.55,1808972.31,0.00,49047.01,48140.58,1251.08,18476.42,36448.68,0.00,2340.26,74036.69,396264.52,1780.60,415640.12,526.11,7515.19,3984.77,76614.71,8038.92,58681.95,0.00,41297743.76,2216294.95,0.00,807064.46,6798228.37,51119331.53
Urun_15,3248.50,1414.53,282.57,261007.85,66704.75,31446.63,58869.26,33062.53,42096.06,16085.93,59075.69,7330.39,534593.23,278802.81,12965592.60,9676608.72,211176.07,5280975.61,4784104.67,5806027.94,547993.92,2242761.14,791008.13,59280.42,39445.88,88297.27,18400808.89,35411.09,424623.95,199502.40,143683.56,17749.35,0.00,33053.66,100.30,72410.09,559.60,0.00,3281.53,0.00,0.00,0.00,0.00,21343.91,17268.54,0.00,52797.11,2351.74,15751.05,37263.79,30118.56,0.00,2785.44,34244.30,11346.83,196.31,163.95,348.71,60.86,2490.77,15.45,24424.39,61497.92,0.00,63532947.20,0.00,0.00,1979340.21,31213783.25,96726070.66
Urun_16,31303.27,8817.38,1192.52,116396.73,442358.23,242949.90,62544.30,21598.15,6258.39,10004.61,177444.53,1806.05,307329.59,90278.76,493593.80,2444444.91,149196.70,882476.58,1069390.95,1045814.85,188689.23,594478.70,356469.99,6909.49,14468.76,36466.94,11113784.66,140828.03,298215.27,741231.42,962777.11,257.22,0.00,31116.72,1334.77,9825.27,34655.43,1596.54,42154.46,263.83,0.00,0.00,319.27,357771.32,440886.99,1539.86,8319.24,328.49,48.71,9161.45,14391.05,0.00,8203.51,18144.05,844731.48,8742.20,29668.55,578.01,17004.30,4901.01,13516.50,77507.51,13456.81,0.00,24049944.38,1877748.87,0.00,11897760.48,11719376.39,49544830.12
Urun_17,4851.80,773.22,13.41,3025.95,692.46,360.91,0.94,802.12,2379.10,910.32,3720.05,93.58,1312.93,1135.80,327.77,28065.12,733539.69,200187.12,41821.02,167393.66,8051.49,5214.23,64901.16,52994.06,2814.32,2672.97,97747.92,9425.44,16328.15,24793.41,9511.91,151.85,0.00,205.40,1013.93,330.31,2388.31,42866.03,135426.70,33781.68,4424.25,0.00,84.92,352.60,324.95,3778.27,16018.94,5120.25,4402.71,3615.32,208.15,0.00,34.90,139254.13,24461.73,11624.08,183760.93,842.19,5974.83,2845.98,1414.81,100766.17,2218.07,0.00,2213554.40,1985294.28,0.00,2390874.65,5103996.30,11693719.62
Urun_18,4588.01,49.85,1126.34,25597.21,24031.34,37509.67,1938.04,4205.80,7421.93,4290.08,18855.43,715.89,45226.19,34248.81,12134.06,168012.68,302159.32,2255042.49,470391.58,739735.02,71823.31,45290.76,270842.06,172174.24,7273.55,6294.84,3193440.02,99115.34,224375.62,257043.46,56668.47,3071.58,1006.58,9770.15,3521.40,119559.30,2774.08,1855.71,97732.09,3855.89,19576.97,2276.94,2755.45,272170.75,321525.10,18809.97,24676.22,1370.79,38369.70,25055.75,19753.49,1452.82,10693.01,55060.96,234492.61,7331.17,16455.51,1216.50,3027.87,5714.03,11.18,253044.50,80255.36,0.00,10219864.83,6219466.20,0.00,4837992.15,16571887.52,37849210.70
Urun_19,79022.22,6289.88,674.56,37601.11,15680.04,8816.89,2691.08,6749.08,1775.13,2430.85,4493.26,10779.52,11228.73,34883.15,28375.51,97852.36,64997.53,349784.41,665328.05,629951.34,31182.34,13749.29,57972.18,1490.30,1680.77,16728.06,1046969.19,72696.05,22820.07,7590.04,6494.97,49.36,0.00,20780.75,372.66,2895.71,410.93,91.56,27.08,2568.64,0.57,0.00,160.67,24578.63,29850.16,152.78,2960.64,858.37,0.00,7043.12,117.78,0.00,2702.75,7734.59,31173.44,6045.76,54742.93,164.68,72.09,7935.04,396.96,41545.04,2434.78,0.00,3586645.41,381673.20,0.00,16849353.82,14449347.16,35267019.59
Urun_20,204044.92,2957.95,0.00,5010.13,130.76,2.75,47.55,109.14,624.67,21.59,481.44,1.84,184.16,6385.13,231.73,10000.04,18309.05,2326.44,428237.94,5605349.92,28248.41,2553.99,7602.18,77.26,2644.72,926.04,17217.26,1488945.72,5181.15,11064.50,532354.30,0.00,0.00,228.94,13.68,234.53,0.00,0.00,0.00,685.25,0.00,0.00,0.00,837.98,1036.35,66.73,0.00,64.95,0.00,0.00,1349.45,0.00,304.20,3041.18,13296.15,0.00,6948.34,0.00,0.00,948.34,15301.08,303.70,2638.18,0.00,8428571.72,6429922.66,0.00,12134278.30,27797980.55,54790753.24
Urun_21,30.36,517.77,0.05,96.90,9.49,4.06,0.03,0.00,1.50,0.00,0.09,0.00,55.08,14.12,35.73,4.21,2084.19,645.67,6862.39,13656.74,296820.72,13419.26,180659.52,4.90,37.30,0.46,182.60,17716.66,4981.59,0.00,62547.58,2997.76,10504.48,3.08,0.00,0.59,0.00,0.00,0.00,89601.83,0.00,0.00,0.00,1523.90,1884.64,0.00,0.20,0.00,0.00,0.00,5.96,0.00,0.00,0.00,47950.65,66.12,0.00,3.94,0.00,107.73,26.68,1900.46,0.00,0.00,756967.00,490605.36,0.00,2220808.33,2852657.97,6321038.67
Urun_22,42052.81,476.23,1113.79,1749.91,3693.75,106479.62,2035.62,1608.63,1094.06,109.13,2470.70,2312.03,5702.96,3332.68,1253.26,19432.41,5298.46,14741.78,52688.25,7471.17,25515.84,2546923.38,59819.82,45.08,2206.35,3341.20,785875.96,3139.75,7635.63,68517.96,6230.55,105.15,0.00,356.24,594.86,4825.55,1149.86,963.74,153.74,227.40,4338.59,324.15,2393.41,12673.06,15093.15,671.60,7277.57,3513.34,352.41,10939.48,187.96,0.00,1629.21,17009.98,144303.46,63929.28,2409306.56,20389.92,14952.35,39075.47,7330.76,33725.15,123102.45,0.00,6725264.61,16290481.04,43031.63,10098967.14,7299701.03,40457445.46
Urun_23,33803.61,979.88,189273.32,468453.58,677414.40,722673.48,75176.96,117651.20,45304.86,87128.40,101739.09,43286.88,426190.00,543559.33,296869.08,291530.84,62212.14,129317.36,227044.82,249636.21,32493.61,117962.79,63077.71,1150.14,63514.13,55717.81,572608.83,60166.77,387460.42,278955.49,208809.65,117877.28,323515.60,176772.08,2127.91,294176.55,6265.16,19521.60,153068.04,33953.24,316049.81,20669.48,44247.25,72321.36,11668.95,29274.64,15339.07,10781.54,26608.95,3212.94,5613.22,161.84,1794.31,68790.29,42588.22,90580.10,587297.52,18208.84,21776.90,29940.19,854.72,9019.40,3681.88,0.00,9188921.63,358811.26,0.00,5274606.31,97503.07,14919842.28
Urun_24,1017746.11,14175.00,5676.38,866318.46,1662663.77,3057079.17,372728.71,353582.62,184854.40,32710.20,708198.50,147923.77,1158707.95,2485682.78,4461487.74,736126.93,51902.05,375493.80,463395.01,533367.10,63452.57,259285.67,97229.71,59571283.42,929223.56,153281.50,630844.65,272940.44,903852.63,3141263.28,391662.66,20224.17,12563.91,267828.10,45932.04,1957507.45,31664.68,141484.22,506784.03,62542.18,521111.15,15704.63,56886.82,2209268.61,187834.43,251165.26,142641.63,18823.38,97114.25,27610.99,14188.56,9778.88,59815.28,88455.69,2389565.04,1532452.36,1327091.90,82477.36,106675.92,276069.18,109445.75,86609.59,146329.06,0.00,97907787.05,23579099.69,0.00,0.00,342073.65,121828960.39
Urun_25,528558.55,31737.09,608.24,6141.24,152171.01,95479.44,13051.13,147428.55,10776.18,10809.12,57892.39,3755.68,40241.96,51785.91,31754.60,54179.97,3055.46,19312.26,24543.78,20167.06,4015.41,26514.73,3110.63,13651.49,87358.62,67505.70,159588.99,41135.32,147764.48,213674.04,29474.82,1800.92,277.66,17098.32,3419.00,259106.12,2247.92,3457.13,21665.50,4218.55,44336.70,9160.34,6295.47,221508.36,192829.62,14266.19,7886.71,2278.57,1828.14,2147.64,1299.59,153.31,1531.14,8772.11,472025.20,308564.17,315639.65,24533.43,39771.85,73688.31,17978.75,10558.40,49399.20,0.00,4236987.80,5841386.79,1016992.55,0.00,0.00,11095367.15
Urun_26,0.00,0.00,0.00,117.93,1608.55,67100.65,0.00,182650.17,989.36,4171.24,42545.80,4611.65,68304.39,40861.51,11673968.15,46501.22,36254.38,65448.44,16834.28,36760.22,108.30,9012.76,7728.87,0.00,24473.48,2045847.04,119.48,0.00,32724.86,217.94,2692.31,0.00,0.00,4242.11,0.00,71729.84,0.00,0.00,0.00,0.00,0.00,0.00,9924.97,129603.48,160283.23,0.00,30.86,5.18,0.00,0.00,0.00,0.00,0.00,608.21,0.00,0.00,103042.17,0.00,0.00,0.00,0.00,0.00,5779.67,0.00,14896902.71,559419.00,5841494.96,-182825.88,681462.33,21796453.12
Urun_27,353275.45,19322.07,8886.06,88990.77,338757.28,204881.47,70831.25,22379.61,31625.93,4281.08,118590.25,8823.58,95831.95,114779.38,256457.30,173105.46,20519.66,52563.15,94192.94,55550.97,50279.51,153670.06,58325.28,408072.02,343958.96,1642358.79,46550311.05,132951.01,804458.95,1958886.83,373474.94,18902.54,5773.32,24852.67,28688.61,456432.98,30623.38,54317.97,387933.03,21721.35,95038.45,36850.67,60038.29,1445069.11,1718190.26,103359.27,447196.83,17195.79,43839.81,81340.25,4043.12,13741.05,74675.30,127022.43,4450467.27,372351.61,345249.36,91246.52,104860.97,680486.85,29223.34,133385.81,20636.42,0.00,66135147.60,1973241.49,5381.81,227256325.25,2469165.00,297839261.15
Urun_28,118509.28,43388.20,4.04,185029.36,275421.64,203275.34,52223.94,38895.94,18118.04,1696.24,70447.09,17056.68,230600.52,376657.55,53247.50,112609.37,12825.48,105140.61,335728.99,2527552.16,49860.84,60465.46,20391.14,60400.83,32941.14,150249.11,1339389.39,996614.00,1249492.91,707656.08,3898769.84,21241.67,15847.38,185478.40,145492.32,194527.79,17976.65,8314.57,24350.56,18525.92,235488.18,23893.22,36732.86,20059.98,455.95,67059.27,103839.11,6608.48,30732.73,5240.99,186577.38,1685.50,12314.37,85034.34,700098.71,48591.14,98207.88,21609.73,8713.15,13375.88,48537.69,41109.85,10933.07,0.00,15783313.41,11754993.98,0.00,4644030.55,0.00,32182337.94
Urun_29,4488519.06,54705.70,73358.98,647212.27,8110419.79,5934898.40,474611.74,591351.11,254759.28,648863.13,1315399.48,331505.69,1424950.62,1759811.28,2256524.73,1557530.29,594873.59,2116386.32,1450814.47,2395278.95,216975.68,2412596.14,443194.53,512190.68,60868.68,220208.29,9618762.58,621664.43,1647112.62,1664678.98,5349961.83,316575.47,1286854.32,305035.66,115039.74,2943829.19,52342.69,51717.83,234808.19,65026.07,108068.30,31692.97,33116.69,748499.97,835594.19,151826.45,132220.48,24485.22,103534.23,77354.98,53688.53,7367.82,120980.15,538303.29,1729802.51,305885.47,1163113.71,75872.03,41853.21,132778.25,93383.83,229532.18,531133.05,0.00,71891305.99,20366257.79,1679375.32,18122602.42,8023416.64,120082958.16
Urun_30,1347369.39,8748.22,20544.95,213818.15,2577429.01,1963069.69,163089.29,197061.49,85838.99,223880.67,439207.06,112472.75,473149.18,597215.91,809038.68,545882.05,197196.58,736987.48,485978.56,591385.27,70886.45,816145.03,151743.05,173712.17,20150.08,73194.35,3328548.74,131229.77,498416.24,497605.51,1672217.44,102562.98,416553.81,99021.43,37083.70,921000.16,17722.67,16530.81,76093.79,21837.60,35363.43,9990.94,10683.99,253286.47,283467.91,49181.98,43491.09,7998.48,33404.91,25401.73,17264.29,2380.34,39664.82,172701.72,556624.23,97892.69,376418.19,23954.33,13442.11,41300.62,28921.54,75016.26,170623.83,0.00,23300095.03,103252956.55,3044457.74,6781623.78,0.00,136379133.10
Urun_31,2990487.34,63254.11,18619.97,1406160.34,5926845.16,2769382.62,324127.14,754822.78,242356.13,681523.78,1155591.09,215970.81,1166528.43,1770812.61,3881418.84,1686634.89,224263.08,1316497.77,1317910.89,1981946.08,161960.61,1043867.05,322686.22,427883.76,37192.13,530199.43,5890055.74,622291.43,6326588.90,3153950.91,32542016.29,82744.75,219811.66,633201.29,622227.58,1177899.21,179636.36,82934.76,194826.19,63584.19,93704.18,18939.38,67413.00,307256.46,331172.61,151179.59,176529.81,14825.46,739797.00,84616.62,73858.12,55245.02,335077.67,308182.85,2409634.16,1906374.74,570551.99,35134.87,106123.83,75183.64,74176.26,156412.49,339808.87,0.00,92641910.95,79900691.05,563281.48,5945854.71,19129783.59,198181521.79
Urun_32,176128.33,1319.12,4229.38,78389.01,222835.58,148940.86,11074.79,28603.51,3401.20,255058.99,259096.52,33498.08,249778.52,130616.25,530130.50,176563.24,8349.28,86038.06,80957.63,122548.78,33776.64,38603.90,42859.26,88264.75,2964.60,12970.37,262030.87,19705.86,1533499.95,115038.83,1407844.82,1536295.45,293436.17,1150863.58,6130.83,30824.04,414.38,679.12,1760.07,1495.23,1077.16,1188.11,765.25,17943.23,12933.66,11648.82,3614.33,716.33,298157.41,1665.95,2500.77,201.57,5321.96,8330.86,140117.89,9764.29,7951.90,1474.15,986.08,240615.48,6890.89,3589.32,9150.97,0.00,9973622.74,1396130.79,4022.02,290944.33,7125646.87,18790366.75
Urun_33,3216.45,7893.68,5154.52,8621.06,13034.39,25691.79,3361.84,3172.22,276.11,95.51,14776.37,16129.23,9283.98,5055.41,3132.23,14592.33,1370.77,35555.30,16222.54,19796.56,8557.39,5901.87,6326.34,3108.17,18.17,297.13,16846.72,22360.36,156379.33,26913.72,190243.11,15345.45,1264397.90,22013.04,132147.50,3103.19,1249.76,10606.83,3386.77,15540.18,175450.13,5188.83,1464.36,8907.28,18.81,60374.96,30110.21,3456.71,13880.90,1607.72,82.52,550.53,1081958.75,53291.02,353679.41,34749.86,41166.62,2.58,2503.99,39833.91,61091.65,903.26,90.50,0.00,4081539.70,13974886.30,24.09,79188.43,4224135.05,22359773.56
Urun_34,14561.57,18851.66,52200.30,194575.35,669212.41,262874.97,53362.79,87670.28,39205.99,126344.85,531515.05,36472.65,182403.31,125819.17,180288.91,107384.67,14545.26,139414.16,55233.32,101255.98,35018.51,42627.42,15714.52,18641.22,289.52,110998.73,378349.58,260497.11,2872634.00,543612.51,5341163.46,2739386.60,1549656.22,3272178.22,251046.15,30083.43,3547.94,4114.52,15442.70,9558.90,120579.52,9724.52,282.10,60110.74,54576.02,15506.12,4293.51,443.14,1275.75,7554.77,6186.26,1534.55,437508.04,37362.01,241292.92,2029.29,10332.19,77.35,18252.06,18641.26,35093.65,46023.82,67942.64,0.00,21684376.18,481585.48,0.00,0.00,3987372.57,26153334.23
Urun_35,32.36,3864.70,0.00,14502.83,68906.50,179125.86,8213.72,13155.23,26227.34,2423.94,38394.04,11850.61,43759.69,31225.96,26945.06,44578.79,12100.63,41070.63,45824.19,12632.03,5645.29,73388.45,15696.23,17286.39,824.56,11828.50,86949.04,124543.58,977541.49,1273743.47,248943.89,6481.92,7744.35,95332.61,273857.16,30267.02,67904.04,11339.72,261195.68,22960.55,211506.92,29659.68,47488.53,7665.86,1883.88,94984.41,29095.48,748.19,16952.70,41821.11,33037.64,9950.07,118415.44,60589.19,147289.99,56453.35,17890.21,1475.04,3070.08,15608.07,46010.15,42716.46,42631.20,0.00,5315251.70,2051405.76,0.00,0.00,142254.02,7508911.48
Urun_36,520.45,16537.10,3422.13,59683.63,198813.48,207517.99,22426.67,38162.18,29096.46,22187.23,73619.42,50507.10,75945.74,81183.34,113714.76,137828.46,13517.44,135719.08,128386.44,85437.57,35497.07,65647.28,54133.71,35296.09,1042.17,65176.79,359940.89,160989.08,1222680.32,609386.64,311355.37,5039.60,92758.53,107459.82,34405.46,667345.97,30074.02,51199.18,90634.81,101601.76,333602.73,57742.76,62235.99,51405.63,8661.15,157840.67,147193.87,25903.23,65788.97,25012.10,3650.80,12724.85,4026579.82,331398.54,593510.31,331027.03,600737.25,64973.38,60824.57,93355.89,158970.11,36792.97,33984.86,0.00,12879808.71,70903498.57,0.00,0.00,1638662.08,85421969.35
Urun_37,311.24,498.06,0.00,4373.33,71484.81,82544.99,5927.31,28568.82,12504.44,2389.21,32639.93,3908.31,12268.73,21663.58,4896.41,24489.02,21364.40,65621.50,33792.22,23296.47,3169.24,42339.97,757.81,3938.80,1566.91,1190.54,42619.88,170306.20,316353.91,394128.38,15429.98,4731.57,4872.64,31304.91,16699.62,53668.68,181302.41,32326.66,125828.73,81152.62,124101.60,26986.94,66060.54,26854.14,0.00,38610.11,24733.27,742.00,819128.25,12895.93,2222.72,4774.48,47347.31,18026.00,205416.13,307834.53,28163.50,5233.54,16706.24,9185.16,17704.92,613.95,3518.08,0.00,3783091.60,3957456.79,366966.91,-303400.61,192454.99,7996569.68
Urun_38,0.90,3.51,0.24,959.44,160084.35,16570.78,342.34,71267.91,9781.63,8839.32,80374.97,5038.84,12126.34,21475.21,20592.06,13577.08,33768.78,140970.02,17006.80,32634.54,1453.97,9902.38,2124.46,2668.78,2.02,466.20,12673.22,19442.51,296393.13,205219.63,5211.75,448.76,586.24,2078.42,13380.56,49826.14,115866.93,2303434.85,354417.00,60226.32,120561.21,13901.71,15295.31,2620.58,0.54,21657.03,1960.71,21.80,2663926.79,1316.47,1902.66,1425.83,17561.02,27143.19,50512.85,10402.85,14565.35,433.54,36987.74,6099.11,33946.18,1018.83,48.42,0.00,7144548.07,808784.32,1485002.56,0.00,52662.31,9490997.25
Urun_39,118773.65,22402.55,7981.22,20161.14,118086.75,191107.75,11056.88,23629.18,26785.35,4612.85,44958.89,17822.92,53893.48,46478.30,27982.83,71023.53,9295.53,39299.31,79571.53,45908.37,6956.16,57593.21,12576.84,27900.75,8335.38,22589.37,247046.05,199182.14,814867.15,810784.25,234278.91,26488.49,20414.30,63142.43,36265.81,205387.70,60690.65,46886.78,4565519.50,147006.03,835223.93,67684.40,108211.94,53756.71,14048.62,226825.26,50097.95,3704.30,82612.81,22171.81,6499.40,13929.00,46598.63,139381.51,782022.97,125794.85,210683.64,9826.28,29663.81,46936.58,134117.11,51814.48,177468.32,0.00,11833818.24,20744009.30,0.00,0.00,94607.72,32672435.26
Urun_40,6921.93,766.63,0.00,91433.99,353182.56,255657.20,34401.62,62227.08,24244.59,32067.98,156240.62,24436.57,151498.71,97484.98,288361.14,96457.31,18735.00,87981.60,68449.49,137641.92,25863.23,108814.16,60343.92,381462.75,22717.31,188988.18,200446.91,106065.31,887235.23,1605188.80,392085.43,60305.37,17437.91,70647.59,24856.40,145078.90,130847.60,72625.80,269761.63,619644.47,802127.68,78273.23,38376.46,21770.18,0.00,206064.25,21463.92,7666.73,160857.79,36439.60,14842.87,16918.81,475811.01,58944.81,101073.22,55848.77,1573048.64,13096.33,36727.39,16507.32,16278.12,103350.15,377512.01,0.00,11611607.07,0.00,0.00,6819147.92,32943.54,18463698.53
Urun_41,254144.72,9797.55,3358.89,225533.12,1103830.92,1235657.91,91948.92,132517.56,80014.06,236303.39,311180.32,92482.72,331392.98,439221.13,722476.51,354220.75,98207.04,360148.89,318830.66,519470.03,75371.54,366261.49,130072.15,1814057.86,45255.96,154326.13,2101734.78,376072.11,2184807.98,1886684.11,2004129.43,136126.63,320027.43,278555.01,54626.38,552380.51,42240.97,56804.01,378174.64,82777.98,4888382.64,658664.44,212505.75,870153.65,1007968.18,153688.16,144825.33,7358.03,140452.91,52134.79,62948.09,19615.29,267099.04,195758.70,630162.91,404788.23,461387.43,27239.98,77269.47,314904.87,303772.52,43482.02,63206.06,0.00,30968993.64,22570532.27,0.00,0.00,1525130.05,55064655.96
Urun_42,35657.75,148.57,5499.86,67190.19,147317.38,122406.01,19886.13,33117.89,16961.02,24231.41,66508.66,18907.25,57036.37,113985.18,109790.23,73003.38,13054.60,81272.06,80404.24,61988.82,24963.28,35156.97,10558.68,333571.23,4167.48,27738.31,376574.67,175231.91,407005.40,255606.79,467181.50,51261.85,83975.69,76865.63,22744.51,92751.14,11541.82,11380.28,81003.88,19041.74,116925.64,1124647.47,20118.72,56443.31,46862.79,49696.87,23308.79,1992.22,7842.58,579.93,55087.31,2656.77,4472.07,32564.10,112290.67,36808.82,85277.95,3516.74,14905.99,21347.45,2226.91,19599.18,5806.10,0.00,5561668.15,3810217.18,0.00,0.00,1248605.18,10620490.51
Urun_43,0.00,0.00,0.00,37438.50,175305.22,47647.38,10121.08,17049.51,2025.35,2296.86,59586.56,3813.87,28712.13,54415.87,28688.44,28236.98,628.60,326491.05,31559.06,1893.72,4473.70,64620.15,1587.61,35854.69,2681.22,5554.40,76900.88,53861.59,376936.50,157885.19,64923.98,8589.81,143659.81,37801.86,8282.49,20632.23,18899.54,2716.66,60946.62,29995.39,206380.21,2731470.67,192512.76,71861.95,0.00,68296.00,9108.27,0.00,2374.43,10445.09,1683.15,1825.11,32000.83,11139.00,55027.33,93909.81,100475.59,1270.52,3741.01,13637.32,0.00,3519.88,21924.24,0.00,5665317.65,1788794.51,0.00,0.00,306407.97,7760520.13
Urun_44,69765.05,346.06,4017.58,137240.91,675700.85,2229139.79,69794.85,201129.69,331346.73,126091.11,247049.81,75315.16,411398.78,288141.65,235144.38,434806.32,42799.65,240379.00,321602.65,94608.99,41146.90,596198.15,75507.24,159327.09,7974.06,144540.11,1155191.33,859822.91,3754094.51,12193673.62,1290749.67,70732.87,160436.66,946514.85,485663.44,4032148.38,99110.27,253886.07,983990.71,208142.08,2320489.05,339168.67,353094.25,1785935.24,476897.93,624451.88,271589.68,43214.19,347431.87,102258.99,48888.78,42455.37,105681.79,445600.71,867342.47,783124.03,1512270.74,146305.41,139780.84,398846.03,153693.73,207331.18,502703.24,0.00,45773225.96,39221094.48,0.00,0.00,0.00,84994320.45
Urun_45,0.00,0.00,0.00,0.00,0.00,0.00,0.00,0.00,0.00,0.00,0.00,0.00,0.00,0.00,0.00,0.00,0.00,0.00,0.00,0.00,0.00,0.00,0.00,0.00,0.00,0.00,0.00,0.00,0.00,0.00,0.00,0.00,0.00,0.00,0.00,0.00,0.00,0.00,0.00,0.00,0.00,0.00,0.00,0.00,0.00,0.00,0.00,0.00,0.00,0.00,0.00,0.00,0.00,0.00,0.00,0.00,0.00,0.00,0.00,0.00,0.00,0.00,0.00,0.00,0.00,87465958.71,0.00,0.00,0.00,87465958.71
Urun_46,2394.96,2975.40,8938.28,223171.16,456958.69,710662.18,81165.93,142412.60,173979.48,146782.91,355273.61,111481.95,262698.64,298061.43,235139.04,345547.82,49804.62,270562.48,251026.61,273329.44,41916.69,277195.15,89035.07,344185.60,27723.46,67622.81,1547862.47,745362.68,1633542.71,1974732.93,708406.68,54267.88,95619.19,255211.35,51626.82,560865.78,56371.75,61177.47,343718.43,228110.53,1479448.19,118916.94,151377.71,122009.36,41497.48,809979.63,257355.24,23324.59,240539.67,104837.13,40954.22,33662.67,137651.52,314718.68,763898.61,114038.08,1023690.58,20830.93,41885.60,140501.41,453459.63,89418.01,420266.12,0.00,20511184.70,3282846.15,0.00,0.00,17967.30,23811998.16
Urun_47,3414.97,2252.30,0.00,154818.46,37825.16,54823.15,18006.85,18894.83,1510.07,9515.82,28273.28,208.84,28017.00,33536.48,18927.65,40724.95,17619.31,32878.91,34000.24,34619.08,48267.75,24226.94,61123.25,46983.43,24516.95,11649.77,5520883.34,43606.80,267274.45,593073.48,502302.96,5258.03,316.76,4913.86,4337.09,70329.84,20884.09,4266.34,45110.04,3883.54,0.00,11905.79,1135.46,170647.95,185932.73,214123.99,1532871.65,1.92,4637.08,23331.03,4600.27,93.06,5120.10,51633.50,625867.33,17687.14,38759.67,31569.33,4665.25,25371.53,154336.31,11408.32,22651.93,0.00,11011427.41,123602.48,0.00,2770620.81,64796.96,13970447.67
Urun_48,0.00,0.00,0.00,0.00,0.00,0.00,0.00,0.00,0.00,0.00,0.00,0.00,0.00,0.00,0.00,0.00,0.00,0.00,0.00,0.00,0.00,0.00,0.00,0.00,0.00,0.00,0.00,0.00,0.00,0.00,0.00,0.00,0.00,0.00,0.00,0.00,0.00,0.00,0.00,0.00,0.00,0.00,0.00,0.00,0.00,0.00,0.00,45.80,0.00,0.00,0.00,0.00,0.00,0.00,0.00,0.00,0.00,0.00,0.00,0.00,0.00,0.00,0.00,0.00,45.80,0.00,711076.86,11407609.92,0.00,12118732.58
Urun_49,71.72,10940.15,1942.64,7179.73,943545.54,75054.44,903.68,173976.19,41859.06,27112.38,330264.60,57161.35,71475.21,109938.98,29493.14,43846.56,66303.52,446350.77,107240.57,138696.58,8917.76,114352.22,2146.36,16519.24,2111.91,11549.91,177066.42,471903.42,2348648.39,1174280.67,41991.50,1326.71,234848.01,21198.63,39995.91,216322.05,270039.45,290276.88,697264.83,387828.88,1049143.77,136364.67,52863.70,50719.39,25880.08,93326.38,35639.34,161.43,3194577.71,14590.50,15188.43,15212.23,178451.73,59820.76,181468.26,93430.59,151902.01,4796.52,431718.43,84290.43,202369.17,93915.10,248051.79,0.00,15625828.39,0.00,0.00,0.00,70152.13,15695980.52
Urun_50,548118.26,141.58,42.64,21136.67,34468.63,66333.29,2724.86,7329.88,2359.80,1544.35,50605.88,11515.13,25619.78,43730.72,22842.62,51894.63,11605.28,29875.88,17766.45,57341.24,2705.61,22747.12,7101.79,43078.31,20292.72,9239.54,159275.75,11847.88,263054.95,417453.72,14769.19,8340.73,4250.90,15729.43,7548.45,64530.50,17613.79,4768.99,20712.78,67006.29,96235.08,17104.70,225.33,52428.56,368.41,117337.21,174401.06,19057.03,15088.72,623943.24,380.13,3722.44,4420.10,26683.54,27344.37,19788.04,69123.32,770.36,134720.90,104719.62,74099.39,856.25,60.79,0.00,3771944.52,1391631.43,0.00,0.00,7347.21,5170923.16
Urun_51,9904.10,2957.29,413.16,320501.17,154942.42,110596.70,9634.41,36062.37,34813.93,8707.34,50789.56,122641.64,55655.36,192802.65,40486.32,71126.54,10914.93,71468.12,27339.09,53721.72,16360.00,35541.75,23526.68,93414.69,91539.93,125120.60,1474132.57,113901.57,790829.44,185625.45,581534.87,67186.59,264748.42,146409.19,149226.80,99704.97,20153.24,185640.72,325417.21,60980.22,60405.66,65269.83,24341.14,35285.18,0.00,151684.10,55558.08,11582.37,155196.78,7500.55,229887.75,6715.72,135291.31,121822.90,976782.15,94852.18,119748.58,7103.13,151456.68,26747.90,38572.30,10427.28,30309.00,0.00,8753014.30,1598384.30,0.00,0.00,52122.02,10403520.62
Urun_52,0.00,0.00,0.00,47195.38,50545.93,81767.64,4416.72,11870.38,9716.14,3995.07,15940.10,11216.95,84576.24,29776.97,50922.67,30430.45,4018.82,20265.23,23833.57,35117.82,10096.84,16652.72,3235.43,12422.87,8405.21,7109.30,109724.45,22894.09,150062.99,113467.45,46678.07,3237.83,49818.42,24353.16,52834.16,70295.71,3284.78,5192.64,25050.22,24013.45,6762.21,0.00,3730.17,6167.77,0.00,23862.97,16215.19,656.50,11130.65,1216.62,651.18,19848.20,4301.16,116039.77,13085.76,35526.76,321906.75,3950.63,2420.60,8000.65,38.46,15313.26,5960.36,0.00,1891221.49,0.00,0.00,0.00,5333.81,1896555.30
Urun_53,0.00,1.47,0.00,5281.22,19381.12,176.45,0.00,264.82,1047.64,212.94,13279.40,420.12,245.51,770.93,2883.13,3866.02,3886.90,2203.11,691.28,239.70,0.00,43096.39,2497.98,2715.58,0.00,782.37,9514.66,1793.04,8774.30,103866.15,7755.82,418.75,129727.22,17902.94,430.01,71868.78,43.88,5654.89,108.42,667.46,1563.61,2712.89,82.66,0.00,0.00,0.00,1959.64,0.11,2638.36,0.00,126.19,23.55,747693.37,13701.31,15368.85,160.41,387.50,30.37,21240.53,29799.08,0.00,0.00,53.67,0.00,1300012.47,14910242.07,0.00,0.00,1371161.08,17581415.62
Urun_54,293662.24,5299.20,813.80,159731.51,936914.38,720420.38,49444.47,85614.26,82787.96,31162.23,208930.88,428448.61,165373.53,336085.60,241667.11,298561.08,40103.10,229710.54,272791.66,335442.93,59079.49,186734.75,61517.12,368602.51,161395.99,1059491.61,1827029.14,282505.31,1542381.62,2306105.68,1046465.69,83601.41,101235.70,509003.75,161280.80,481307.60,116902.90,120858.13,1222714.45,104400.05,763158.01,84790.90,99922.79,1247737.06,1066044.87,323240.58,187104.93,3922.17,87241.21,143748.20,15650.66,29514.95,379110.90,1287177.23,4416544.51,1165338.51,2648602.16,186423.52,486073.13,434007.46,327068.86,65389.64,116811.53,0.00,32290202.95,4030453.85,0.00,0.00,116342.13,36436998.93
Urun_55,11479.34,0.00,0.00,6302.69,33327.99,15200.76,1235.83,3290.97,2788.42,2209.79,11199.56,2514.48,7185.56,10762.07,9427.68,29374.01,1313.77,3670.96,4194.97,8053.77,3910.81,11835.41,1155.64,75009.91,14618.85,2490.69,218920.34,7011.77,124734.58,323149.40,63710.48,1067.76,2760.19,3849.85,25545.40,14146.37,1903.46,4824.72,115048.82,2937.40,0.00,380988.65,51300.86,6370.95,0.00,6068.96,13100.33,3.59,1752.38,9177.28,1015.71,2.83,1722.21,8542.20,490661.52,10414.91,84679.10,48.81,8126.63,68715.44,14494.18,813.40,523.10,0.00,2340687.49,4845973.22,84191851.60,0.00,0.00,91378512.31
Urun_56,1253.22,427.71,23.92,10019.90,37997.31,13351.61,620.59,9829.69,1329.31,6677.55,10970.30,21809.26,11019.43,12588.22,10025.20,10140.18,9630.37,26354.00,14234.60,58316.70,3911.95,6484.53,3607.43,8987.67,1565.80,2571.71,12138.31,33544.55,120170.78,64262.92,28483.05,2630.67,89329.62,11520.01,3034.51,15633.64,3733.25,1694.33,20292.57,17821.31,178819.97,8410.23,85365.95,6656.69,4770.11,79092.99,86651.34,2689.61,12712.35,8870.19,284.48,429.15,118.71,56586.76,1232186.79,813088.47,29932.59,14160.42,12124.27,30357.99,51601.22,1018.77,908.98,0.00,3434875.73,16781299.04,52043951.03,0.00,0.00,72260125.80
Urun_57,0.00,0.00,0.00,0.00,0.00,2326.36,0.00,0.00,0.00,0.00,0.00,0.06,0.00,0.97,0.00,0.00,0.00,0.00,0.00,0.00,0.00,0.00,2664.63,0.00,0.00,0.00,0.00,0.00,0.00,0.00,0.00,0.00,0.00,0.00,0.00,0.00,0.00,0.00,0.00,0.00,12835.70,11787.70,0.00,0.00,0.00,0.00,0.00,0.00,0.00,0.00,0.00,0.00,0.00,0.00,12270.80,0.00,4398364.14,0.00,0.00,17557.60,32450.33,0.00,0.00,0.00,4490258.29,10541538.81,52558805.11,0.00,111910.33,67702512.54
Urun_58,0.00,0.00,0.00,0.00,1003.54,0.00,0.00,0.00,0.00,0.00,0.00,0.00,0.00,0.00,0.00,0.00,0.00,0.00,0.00,0.00,0.00,0.00,0.00,0.00,0.00,0.00,0.00,0.00,0.00,0.00,0.00,0.00,0.00,0.00,0.00,0.00,0.00,0.00,0.00,0.00,0.00,0.00,0.00,0.00,0.00,0.00,0.00,0.00,0.00,0.00,0.00,0.00,0.00,0.00,0.00,0.00,0.00,0.00,0.00,18.43,33.05,0.00,0.00,0.00,1055.02,2838947.68,1112955.41,0.00,0.00,3952958.11
Urun_59,282.73,46.75,0.00,101.97,4026.01,955.71,0.00,384.57,0.00,0.00,4411.16,0.00,4521.57,5455.82,0.00,164.58,483.37,1927.33,28.93,2100.11,0.00,1265.23,603.86,3651.15,0.00,0.00,277.01,413.12,6303.49,1504.06,18294.16,0.00,0.00,5.34,1814.35,132065.43,0.00,233391.70,0.00,1147.95,0.00,4933.99,0.00,6584.11,0.00,2446.16,0.00,0.00,219.80,0.00,0.00,0.00,53121.08,35966.67,6242.89,9809.16,23492.26,66.44,1228000.14,19421.85,387.21,0.00,0.00,0.00,1816319.21,9492947.15,2125491.69,260435.17,3024.09,13698217.32
Urun_60,0.02,9.97,2.18,3302.90,51219.33,201.42,0.00,10993.61,1495.05,5987.11,9882.04,6847.75,4681.97,3816.24,2456.26,9333.73,1282.38,2101.71,2465.00,6886.99,630.18,4252.05,123.54,163.05,10.57,257.29,2682.73,14420.35,107407.65,59193.75,2082.93,9205.56,14232.39,2470.55,1587.90,25998.73,4019.93,139941.52,120294.67,13644.49,0.00,394.88,0.00,1118.36,0.00,10680.56,3629.34,0.00,307750.90,1008.71,577.97,244.48,0.00,3159.24,11365.38,5204.23,34130.26,58.85,279953.90,370715.58,77.13,0.00,0.00,0.00,1675655.28,4634880.33,2421018.11,-1395.75,8234.01,8738391.98
Urun_61,78005.35,66.35,0.00,5168.92,38030.39,30508.99,2437.07,6274.49,3287.69,17724.67,13072.25,3856.33,9460.71,14749.95,33652.28,44253.55,1685.17,13406.60,15506.15,20535.31,2115.18,13155.74,6407.87,10039.15,24393.42,2952.59,32650.92,46859.24,171693.36,337202.04,199465.13,2444.20,11328.14,58115.17,3143.01,44335.90,2000.25,6707.25,18835.58,2818.12,75386.64,6024.06,29269.30,3197.75,0.00,58162.21,42183.69,499.02,5978.26,16113.26,2096.07,3944.69,337560.72,9548.87,8899.77,12112.42,9720.22,858.70,953.04,7624.40,565580.00,15609.45,5753.68,0.00,2565420.66,2804082.33,4552902.97,0.00,0.00,9922405.95
Urun_62,256.00,655.72,0.00,8171.61,55735.03,77719.70,9614.68,10717.59,5892.38,53.54,24055.29,4677.84,30401.27,20456.92,15034.81,25602.91,1453.02,16099.97,13468.54,32649.38,3253.45,11253.94,1815.80,30363.86,1622.37,2204.85,44129.51,12251.51,225465.10,171473.85,19777.40,13783.74,7307.12,23893.68,3555.36,85251.10,1918.08,2174.37,74233.09,56265.09,127.99,8954.27,12746.18,8084.50,1722.96,16619.96,7552.01,361.08,10112.96,2600.48,4778.68,120.82,6555.59,10268.40,10742.82,15739.57,62433.44,5431.85,1478.32,11905.06,32406.33,51322.12,36365.73,0.00,1463140.61,7399911.62,0.00,0.00,0.00,8863052.23
Urun_63,0.06,53.74,2928.61,0.00,0.00,3289.15,0.00,1043.75,0.00,0.00,468.95,0.00,7502.78,0.00,0.00,0.00,0.00,0.00,0.00,0.00,1.21,0.00,0.00,0.00,0.00,0.00,258.76,61407.08,0.00,8655.72,7939.02,0.00,0.00,0.00,0.00,50102.88,0.00,7726.79,0.00,0.00,0.00,88.47,0.00,0.00,0.00,0.00,0.00,0.00,0.00,0.00,0.00,0.00,0.00,2463.00,2088.45,0.00,13497.88,0.00,0.00,3290.51,96216.98,0.00,7681.58,0.00,276705.38,12516441.91,8250.13,0.00,1098.12,12802495.53
Urun_64,0.00,0.00,0.00,0.00,0.00,0.00,0.00,0.00,0.00,0.00,0.00,0.00,0.00,0.00,0.00,0.00,0.00,0.00,0.00,0.00,0.00,0.00,0.00,0.00,0.00,0.00,0.00,0.00,0.00,0.00,0.00,0.00,0.00,0.00,0.00,0.00,0.00,0.00,0.00,0.00,0.00,0.00,0.00,0.00,0.00,0.00,0.00,0.00,0.00,0.00,0.00,0.00,0.00,0.00,0.00,0.00,0.00,0.00,0.00,0.00,0.00,0.00,0.00,0.00,0.00,781733.27,0.00,0.00,0.00,781733.27
Toplam,60435755.46,574082.74,800437.72,9213164.28,92894865.34,80284548.66,5855844.19,7662425.06,3929997.18,6072356.32,14511618.46,3432546.12,17839199.90,25430731.00,46153244.71,22208776.27,3510009.06,20227369.63,15293291.76,27607083.18,2627277.87,19850201.96,4479625.48,67622169.99,2381364.61,7687206.15,164034874.32,10537976.91,44311316.85,47219738.46,74688140.30,6276606.69,9842628.00,9871498.89,3243292.52,35798557.65,2935934.87,4485647.78,12304449.25,2932417.56,15872362.98,6279062.58,2144778.72,14072315.29,11235301.66,5105819.11,5054933.79,353829.26,10270697.04,2142912.60,1123262.49,378483.99,10311627.28,6951749.79,32978341.90,10667176.46,24193035.96,1283457.16,3934281.19,4499629.77,3926888.68,2710350.41,5765674.93,0.00,1178324246.14,890986415.68,218368456.46,366723086.97,302359889.64,2956762094.88
İthalat Ürün Kullanımı,9253850.34,61988.47,117226.18,2142574.80,17545960.92,18587923.94,1666891.78,4947298.90,1614246.24,29829841.16,13012084.00,1878528.30,12064215.15,5185335.41,30292642.64,7200255.45,2833910.18,9416572.81,7136193.38,16816261.38,1167502.34,5352395.01,1714289.24,27418860.95,235856.42,3090981.22,20448833.65,2537914.57,4624618.41,4252774.21,14032019.15,1268564.98,3458020.48,1301587.83,324649.32,3955397.75,427451.65,836674.19,673552.10,294273.01,784259.07,1154430.69,121219.81,3370201.01,1830046.53,422282.08,448715.60,94524.99,846980.07,364249.73,163195.38,20825.65,1401686.39,1272407.26,3776863.40,773154.27,3759988.93,141237.65,171304.37,349718.69,320190.24,879631.15,1036678.71,0.00,312523809.57,52133422.43,4570737.09,58822388.37,20274605.73,448324963.19
Ürün Vergi Eksi Sübvansiyon,2140268.40,26238.72,91906.08,1166146.41,1720057.65,2396683.35,305996.81,704309.06,251652.59,5333580.12,1998342.36,225350.87,1641697.98,1849891.97,4430679.59,1328512.18,455707.98,1602323.92,1101262.72,2445844.93,193838.61,865721.62,312755.15,5341162.69,91524.37,556346.04,6301085.57,755784.77,2641214.75,2387573.22,12296940.01,779102.61,3120283.46,684732.26,227701.81,2448398.31,96376.06,67269.84,1093437.01,101581.42,950853.40,405950.06,79651.96,863867.90,586003.55,239230.04,170705.31,21511.81,252632.18,80164.54,120254.33,15141.81,268248.98,428165.06,2250022.97,487229.21,626359.03,64394.94,105426.70,115397.11,151794.48,196610.42,442371.86,0.00,80501270.94,81978907.76,462508.93,18736868.57,2579790.48,
Cif / Fob Düzeltmesi,0.00,0.00,0.00,0.00,0.00,0.00,0.00,0.00,0.00,0.00,0.00,0.00,0.00,0.00,0.00,0.00,0.00,0.00,0.00,0.00,0.00,0.00,0.00,0.00,0.00,0.00,0.00,0.00,0.00,0.00,0.00,0.00,0.00,0.00,0.00,0.00,0.00,0.00,0.00,0.00,0.00,0.00,0.00,0.00,0.00,0.00,0.00,0.00,0.00,0.00,0.00,0.00,0.00,0.00,0.00,0.00,0.00,0.00,0.00,0.00,0.00,0.00,0.00,0.00,0.00,0.00,0.00,0.00,-8935252.45,-8935252.45
Yer. Yrt. Dış. Doğ. Sat. Alım,0.00,0.00,0.00,0.00,0.00,0.00,0.00,0.00,0.00,0.00,0.00,0.00,0.00,0.00,0.00,0.00,0.00,0.00,0.00,0.00,0.00,0.00,0.00,0.00,0.00,0.00,0.00,0.00,0.00,0.00,0.00,0.00,0.00,0.00,0.00,0.00,0.00,0.00,0.00,0.00,0.00,0.00,0.00,0.00,0.00,0.00,0.00,0.00,0.00,0.00,0.00,0.00,0.00,0.00,0.00,0.00,0.00,0.00,0.00,0.00,0.00,0.00,0.00,0.00,0.00,9190306.29,0.00,0.00,0.00,9190306.29
Yerl. Olm. Yurtiçi. Doğ. Alım,0.00,0.00,0.00,0.00,0.00,0.00,0.00,0.00,0.00,0.00,0.00,0.00,0.00,0.00,0.00,0.00,0.00,0.00,0.00,0.00,0.00,0.00,0.00,0.00,0.00,0.00,0.00,0.00,0.00,0.00,0.00,0.00,0.00,0.00,0.00,0.00,0.00,0.00,0.00,0.00,0.00,0.00,0.00,0.00,0.00,0.00,0.00,0.00,0.00,0.00,0.00,0.00,0.00,0.00,0.00,0.00,0.00,0.00,0.00,0.00,0.00,0.00,0.00,0.00,0.00,-55221007.97,0.00,0.00,55221007.97,0.00
Toplam Ara Tüketim,71829874.20,662309.94,1009569.97,12521885.49,112160883.91,101269155.96,7828732.78,13314033.02,5795896.00,41235777.60,29522044.82,5536425.29,31545113.04,32465958.38,80876566.94,30737543.90,6799627.22,31246266.35,23530747.86,46869189.49,3988618.82,26068318.59,6506669.87,100382193.63,2708745.40,11334533.42,190784793.54,13831676.24,51577150.00,53860085.88,101017099.47,8324274.28,16420931.94,11857818.97,3795643.65,42202353.71,3459762.57,5389591.80,14071438.37,3328272.00,17607475.45,7839443.33,2345650.50,18306384.21,13651351.74,5767331.23,5674354.70,469866.06,11370309.29,2587326.87,1406712.19,414451.44,11981562.65,8652322.10,39005228.28,11927559.94,28579383.91,1489089.75,4211012.27,4964745.57,4398873.40,3786591.97,7244725.50,0.00,1571349326.65,979068044.19,223401702.47,444282343.90,371500041.37,2957017148.72
Üretim Üzerindeki Vergi,186.26,2333.05,2361.76,64585.60,205452.33,208958.26,19328.06,25444.37,15209.64,27973.17,58201.53,40841.50,60941.69,125280.17,128177.71,80564.10,10045.06,47849.07,57952.58,73935.97,21718.35,47697.36,17256.86,189728.32,5276.47,23540.07,1239553.17,146423.72,472845.09,489012.30,544058.00,197418.12,69867.12,87021.36,16865.80,236394.96,8729.03,70387.13,363371.28,18888.28,1882575.10,10844.46,13464.42,60396.69,1485948.03,71760.71,338654.03,2792.92,21421.77,9970.46,96916.43,2715.28,39847.41,70449.03,677433.79,35129.93,139990.06,3398.92,4659.37,11471.29,14174.72,15106.93,34325.86,0.00,10565122.24,0.00,0.00,0.00,0.00,0.00
Üretim Üzerindeki Sübvansiyon,-3067130.60,0.00,0.00,-31798.68,-10820.31,-4718.71,-401.15,-659.17,-307.20,-1760.21,-1507.17,-348.28,-1624.90,-1709.23,-3734.70,-1709.31,-352.17,-1561.47,-1333.05,-2347.61,-267.65,-991.50,-214.20,0.00,0.00,0.00,0.00,0.00,0.00,0.00,-792732.87,0.00,0.00,0.00,0.00,0.00,0.00,0.00,0.00,0.00,-1745182.88,0.00,0.00,0.00,0.00,0.00,0.00,-5250.00,0.00,0.00,0.00,0.00,0.00,0.00,0.00,0.00,0.00,0.00,0.00,0.00,0.00,0.00,0.00,0.00,-5678463.04,0.00,0.00,0.00,0.00,0.00
Ücret,3783047.14,496878.15,212858.76,4791290.44,12133189.12,19542182.60,1162293.91,1631742.88,1279658.75,683754.87,2713290.18,1951392.89,4912340.63,6104529.11,5078089.22,6617976.21,1215552.34,4656081.98,5109876.32,5997340.33,1442910.68,4425259.25,1378047.33,3587281.60,1219840.49,2483815.86,30121344.44,5030040.42,24179662.65,25659691.17,11491306.99,1114685.58,3174714.52,5041930.21,2349418.87,17395311.36,1129171.46,1826912.19,4017593.95,3362182.15,15693023.38,1289119.45,2819671.33,2088811.20,0.00,4977628.97,3004285.47,274513.79,2241287.05,272743.26,316910.01,821368.73,919082.44,15267159.92,60276920.85,45608649.44,29446534.07,1178690.22,1499887.39,2328305.34,5125426.08,882486.80,959043.05,781733.27,438577768.50,0.00,0.00,0.00,0.00,0.00
İşletme Artığı,114496119.39,3089554.16,2676684.44,12293387.04,29595231.12,29898497.01,2847514.31,3807064.09,2133242.08,2604597.88,9614489.84,1489224.81,6575200.03,12500836.40,10050218.26,12468974.59,1781378.81,4415656.87,6698708.37,6720047.66,1911494.74,10087820.46,4778750.33,17307772.93,3490520.62,8156865.01,86072244.35,11862957.06,45166542.45,63316724.45,85696185.03,5599010.22,2420337.85,8935241.50,1784879.57,24302660.78,1769157.22,1693620.51,14805857.11,8697361.23,22162557.39,1539781.74,2448434.03,59495515.34,72328658.94,12738208.18,4906818.50,90349.51,2467615.51,1899811.43,3950349.95,854268.48,4474238.60,10246145.68,12957658.42,16311129.82,8989779.40,1733802.07,7984279.25,1508367.89,1623370.95,3346248.73,4278320.12,0.00,941948340.53,0.00,0.00,0.00,0.00,0.00
Toplam Üretim,187042096.39,4251075.30,3901474.93,29639349.89,154083936.17,150914075.11,11857467.91,18777625.19,9223699.28,44550343.31,41906519.20,9017536.20,43091970.49,51194894.82,96129317.42,49903349.49,9806251.25,40364292.79,35395952.08,59658165.83,7364474.94,40628104.16,12680510.19,121466976.48,7424382.99,21998754.36,308217935.49,30871097.44,121396200.20,143325513.81,197955916.60,15235388.19,22085851.43,25922012.04,7946807.89,84136720.81,6366820.29,8980511.64,33258260.71,15406703.66,55600448.45,10679188.97,7627220.27,79951107.44,87465958.71,23554929.09,13924112.69,832272.28,16100633.64,4769852.01,5770888.58,2092803.94,17414731.10,34236076.73,112917241.34,73882469.14,67155687.45,4404980.96,13699838.28,8812890.08,11161845.14,8030434.43,12516414.53,781733.27,2956762094.88,0.00,0.00,0.00,0.00,0.00
