;Sek_1;Sek_2;Sek_3;Sek_4;Sek_5;Sek_6;Sek_7;Sek_8;Sek_9;Sek_10;Sek_11;Sek_12;Sek_13;Sek_14;Sek_15;Sek_16;Sek_17;Sek_18;Sek_19;Sek_20;Sek_21;Sek_22;Sek_23;Sek_24;Sek_25;Sek_26;Sek_27;Sek_28;Sek_29;Sek_30;Sek_31;Sek_32;Sek_33;Sek_34;Sek_35;Sek_36;Sek_37;Sek_38;Sek_39;Sek_40;Sek_41;Sek_42;Sek_43;Sek_44;Sek_45;Sek_46;Sek_47;Sek_48;Sek_49;Sek_50;Sek_51;Sek_52;Sek_53;Sek_54;Sek_55;Sek_56;Sek_57;Sek_58;Sek_59;Sek_60;Sek_61;Sek_62;Sek_63;Sek_64;EMEK;SERMAYE;GELİR VERGİSİ;SEKTÖR ÜRÜN VERGİ;ÜRETİM VERGİ;ÜRETİM SÜBVANSİYON;HANEHALKI;DEVLET;YATIRIM;DIŞ DÜNYA (İHRACAT);TOPLAM
Sek_1;34.523.044,89;23.721,14;21.596,54;35.108,59;41.724.960,23;4.368.891,13;59.111,56;41.391,12;1.251,44;1.221,78;90.805,77;40.845,36;367.668,56;12.067,85;2.042,93;2.841,94;98,26;2.534,37;4.584,74;1.043,41;914,03;40.610,15;2.321,30;2.845,70;646,62;7.994,62;156.303,38;9.991,70;511.621,65;385.025,04;22.940,30;3.380,44;304,62;2.829,00;2.807,96;3.844.414,42;566,34;2.190,52;2.429,50;2.358,32;4.180,24;851,99;593,2;35.876,56;7.954,61;5.829,42;77.935,20;625,05;237,31;39.116,89;121,99;87,63;51.051,12;71.054,10;1.076.466,33;117.456,80;59.501,75;49.804,72;3.550,73;64.870,86;17.529,59;1.963,89;20.746,50; -   ; -   ; -   ; -   ; -   ; -   ; -   ;75.284.080,41; -   ;14.817.792,21;10.637.334,97;188.773.941,28
Sek_2;55.695,49;89.468,99;2.157,13;86.832,20;87.993,89;12.465,61;1.208.463,73;279.753,92;10,14;153,3;100.678,51;105,79;6.957,34;18.869,62;1.648,42;1.763,54;4,17;6.872,41;5.163,13;207,77;20;89,84;16,3;402,16;119,17;1.787,97;15.792,52;696,96;3.701,29;1.391,03;3.145,42;46,94;29,96;36,94;22,88;49.576,70;12,66;158,84;1.080,44;29,64;95,19;17,38;17,96;10.283,40;12.701,26;49,13;3.031,90;7,49;20,85;7,53;4,33;3,69;1.141,15;9.665,44;1.321,78;2.502,14;589,6;18,82;6.793,98;538,72;742,81;468,29;3.770,85; -   ; -   ; -   ; -   ; -   ; -   ; -   ;2.161.409,49; -   ;35.277,62;14.045,10;4.307.948,69
Sek_3; -   ; -   ;87.749,04;725,56;249.962,16;122,63; -   ; -   ; -   ;63,21;55,09; -   ; -   ;1.188,60; -   ; -   ; -   ; -   ; -   ; -   ;14,07; -   ; -   ; -   ; -   ;0,45;4.272,65; -   ;6.285,13;33.746,82; -   ;677,38; -   ;422,76; -   ;477.783,51;1,22; -   ; -   ; -   ; -   ; -   ; -   ;43,37; -   ; -   ; -   ; -   ; -   ;2.030,59; -   ; -   ;1.785,08;635,11;5.062,15;118,23;1.755,97;22,59;1.442,91;22,45;186,42; -   ; -   ; -   ; -   ; -   ; -   ; -   ; -   ; -   ;2.571.892,69; -   ;16.986,07;334.201,93;3.799.255,85
Sek_4;416.709,40;10.128,94;1.189,15;1.245.128,19;364.788,31;272.448,95;28.114,88;45.535,71;6.577,82;6.225.799,28;495.431,50;6.497,89;70.278,50;5.443.098,44;4.596.860,51;133.992,39;3.046,53;134.496,63;30.137,09;59.269,89;4.926,27;40.635,64;31.976,85;4.854.733,87;6.786,30;79.344,69;4.602.723,33;58.280,63;619.683,32;148.573,59;324.212,52;14.370,74;12.131,10;13.650,18;3.856,55;103.807,09;1.751,45;2.792,51;11.590,74;1.781,88;5.686,86;1.293,36;3.174,36;297.058,64;67.933,90;11.724,94;94.739,47;636,58;3.587,54;6.795,22;4.083,22;293,49;22.605,35;34.387,38;51.024,85;17.175,17;134.842,01;4.959,83;4.297,90;7.001,94;13.851,20;11.657,02;35.514,10; -   ; -   ; -   ; -   ; -   ; -   ; -   ;6.049.183,37;6.891,21;3.006.516,83;4.749.429,32;45.173.484,30
Sek_5;5.718.084,88;1.335,08;144.997,75;49.882,26;17.157.423,51;609.463,62;23.555,36;116.117,66;23.908,74;23.803,14;207.811,04;73.893,24;131.493,35;80.093,04;70.107,49;58.771,17;11.577,75;68.322,10;46.094,67;51.367,09;12.849,73;118.505,39;28.002,40;39.591,07;7.846,04;28.899,81;308.092,02;53.288,97;565.201,63;1.277.957,84;215.379,54;22.087,23;24.078,03;27.712,74;29.078,00;14.663.723,37;6.824,86;18.669,84;28.825,43;11.156,45;42.182,89;8.995,43;6.540,03;34.341,19;24.194,35;54.546,27;39.419,73;1.943,99;5.488,16;40.255,04;4.050,01;1.031,58;60.782,16;276.904,03;1.264.239,62;225.653,08;240.069,69;140.886,26;18.767,79;145.851,93;31.759,79;22.443,29;192.230,39; -   ; -   ; -   ; -   ; -   ; -   ; -   ;122.253.227,75;33.444,93;1.555.823,06;15.986.443,84;184.867.389,56
Sek_6;188.519,00;4.400,67;9.308,15;99.436,26;420.748,51;45.836.642,26;29.085,43;369.710,04;34.700,49;14.484,88;271.198,21;128.068,88;399.498,44;211.007,59;91.272,60;100.350,09;14.334,93;133.863,27;132.227,45;367.042,35;29.262,95;1.813.511,09;48.532,50;16.859,41;8.494,75;28.687,37;453.155,22;92.456,98;1.004.666,17;723.315,84;231.771,29;8.110,91;28.928,20;35.524,59;46.110,80;328.430,55;6.201,98;17.046,00;17.591,09;6.307,27;15.356,03;8.117,15;2.479,24;40.591,41;36.678,27;35.437,71;26.710,24;1.030,02;29.841,59;34.498,03;9.727,72;6.744,01;118.564,67;213.709,20;644.114,01;62.859,83;112.401,12;25.001,55;19.688,98;83.421,21;9.939,02;105.937,25;919.642,13; -   ; -   ; -   ; -   ; -   ; -   ; -   ;55.292.659,60;36.932,48;-2.000.233,85;52.944.773,65;162.637.486,81
Sek_7;104.446,04;800,46;1.353,71;49.084,77;78.362,08;90.980,81;1.599.024,82;40.675,32;10.589,10;2.730,52;57.802,32;5.949,81;103.039,63;182.242,26;66.086,70;160.111,25;3.495,01;127.436,31;85.035,67;19.216,76;22.063,95;2.764.673,30;271.678,07;3.790,41;3.843,50;11.199,52;3.514.592,43;14.321,33;183.427,05;94.042,72;40.865,88;1.128,50;3.813,96;2.978,35;1.738,82;11.383,73;1.179,87;1.845,14;3.859,84;1.083,15;1.998,25;747,03;674,18;15.877,01;14.957,48;2.853,56;18.177,04;343,54;3.518,10;38.040,10;2.115,54;100,72;1.495,76;19.467,36;29.715,22;4.377,33;41.193,59;710,68;2.189,66;2.733,22;73.552,79;65.945,12;50.464,77; -   ; -   ; -   ; -   ; -   ; -   ; -   ;581.772,29;3.755,92;599.253,68;1.240.262,60;12.558.265,36
Sek_8;269.870,81;10.365,91;12.664,45;15.983,01;1.917.483,02;980.651,50;102.135,06;1.922.729,67;789.380,21;44.424,70;450.316,10;115.445,65;401.384,25;392.705,05;151.755,81;191.489,71;41.854,69;260.024,22;91.087,44;104.587,34;8.385,77;130.525,17;4.970,00;86.763,81;7.807,09;11.529,37;199.083,18;41.059,65;531.751,51;440.566,31;88.116,08;1.327,54;9.617,74;71.021,36;53.735,63;420.771,73;219.056,73;9.185,86;53.745,55;67.665,24;166.525,00;22.240,45;63.628,77;34.193,57;21.352,84;310.689,14;163.550,03;4.849,56;31.215,76;20.833,50;1.240,43;5.283,92;14.298,20;187.713,54;237.815,75;233.958,30;226.997,05;37.074,96;53.329,04;21.893,48;27.837,98;7.107,32;18.075,55; -   ; -   ; -   ; -   ; -   ; -   ; -   ;4.869.187,50;39.733,88;68.383,11;2.885.056,05;20.497.088,60
Sek_9;12.555,90;6.180,65;629,33;7.207,02;179.176,32;152.544,08;10.228,30;134.581,46;672.065,37;2.839,07;52.547,87;48.786,46;88.196,70;37.792,77;19.195,43;32.009,77;14.155,47;92.976,78;66.063,05;34.471,42;11.654,76;296.437,62;10.655,69;11.527,89;3.102,50;6.052,87;109.779,99;80.020,23;1.381.748,35;1.135.483,16;297.156,32;4.219,92;3.273,48;111.273,47;39.884,51;105.606,11;919.467,75;47.722,94;66.726,33;38.533,57;143.539,61;28.904,45;66.404,17;12.742,37;5.626,11;78.584,24;89.889,66;3.171,52;317.953,94;43.612,83;5.208,68;22.742,06;497.744,41;217.089,75;381.775,69;210.673,51;79.231,51;25.346,11;80.152,51;29.388,47;105.114,85;134.419,01;59.870,78; -   ; -   ; -   ; -   ; -   ; -   ; -   ;479.508,75;9.226,22;-291.160,44;227.166,95;9.408.458,42
Sek_10;4.537.195,13;33.192,84;159.960,39;1.653.809,97;748.222,21;631.223,16;109.688,41;111.610,86;57.101,61;936.763,52;827.979,51;61.763,76;444.784,21;1.899.253,38;391.701,11;318.604,07;15.075,74;476.188,81;190.422,59;169.189,13;25.752,37;196.898,73;119.114,70;438.695,21;86.886,35;335.686,38;5.469.164,10;549.506,66;3.078.942,31;2.666.415,02;20.638.652,39;1.306.088,87;5.442.057,13;1.040.201,41;355.110,21;607.428,89;15.783,04;17.590,33;73.704,87;35.890,30;34.589,53;74.526,18;34.265,91;473.647,80;407.249,80;243.058,45;155.214,48;12.698,59;57.803,71;42.567,72;155.015,05;12.087,56;306.557,42;405.634,31;3.057.167,37;550.654,73;207.870,21;77.269,30;17.515,64;40.890,45;111.469,49;86.560,14;561.531,83; -   ; -   ; -   ; -   ; -   ; -   ; -   ;17.580.102,52;7.197,64;619.265,83;12.337.144,76;93.942.856,10
Sek_11;2.823.315,51;9.125,71;13.657,68;244.872,27;1.085.550,92;4.352.266,37;427.557,41;861.242,97;373.520,82;261.619,33;5.480.974,55;406.461,89;4.563.639,46;939.204,37;785.193,64;518.062,40;94.147,81;670.593,61;178.086,53;397.205,07;51.782,92;721.790,14;85.776,25;117.680,44;30.870,96;205.062,27;1.740.393,65;177.316,07;382.636,16;337.797,50;376.184,96;22.546,24;78.703,46;44.203,44;7.865,93;462.606,33;22.178,80;21.625,39;7.895,63;4.081,82;25.738,67;4.039,63;16.142,88;502.542,85;594.207,34;11.798,40;21.053,35;15.826,46;15.231,85;112.374,45;18.335,31;413,64;9.486,14;309.213,31;313.521,67;78.235,14;264.352,16;18.095,79;3.946,81;65.117,13;32.422,57;37.966,88;229.708,03; -   ; -   ; -   ; -   ; -   ; -   ; -   ;8.025.172,63;25.121,45;-15.091,47;10.399.994,99;50.520.264,75
Sek_12;135.983,78;278,83;632,32;4.953,72;102.940,52;52.284,25;4.016,74;10.480,77;3.513,09;3.480,74;32.301,60;408.674,98;26.542,29;12.977,05;13.506,97;9.891,11;3.058,10;12.628,37;8.436,65;17.701,75;1.468,45;18.645,90;2.566,48;5.389,46;1.488,28;8.604,57;54.259,63;5.099,04;61.348,48;44.383,50;27.351,64;1.899,90;5.560,74;4.643,38;1.678,98;17.678,61;1.501,70;1.483,41;9.363,61;2.929,53;7.653,77;970,57;957,64;12.526,59;11.689,95;3.479,12;1.872,63;1.202,67;1.671,45;85.212,17;735,74;265,15;4.369,43;11.311,74;46.154,41;42.129,46;1.282.742,11;3.425,13;3.368,06;65.819,83;19.067,81;1.761,61;5.324,48; -   ; -   ; -   ; -   ; -   ; -   ; -   ;3.291.601,85;8.508.285,79;-356.304,48;1.558.283,13;15.757.206,79
Sek_13;459.683,49;9.859,84;6.319,52;147.289,65;2.260.419,85;1.113.703,91;129.639,05;485.245,16;158.813,99;38.635,50;553.839,02;155.187,04;3.474.879,80;316.563,74;141.375,00;488.893,01;148.601,82;1.476.673,33;522.766,97;1.521.986,08;117.490,46;992.689,99;125.734,43;60.039,69;108.434,17;25.099,49;5.814.606,01;388.564,85;608.106,87;481.421,89;1.529.889,03;6.761,81;4.397,95;51.949,76;33.280,79;114.108,10;16.757,70;9.928,70;17.832,94;2.643,26;11.034,30;1.662,18;5.733,77;792.037,92;973.136,67;17.869,86;37.739,55;1.328,40;10.705,13;17.160,26;12.474,26;429,22;12.061,79;162.414,75;199.996,23;17.178,41;108.894,90;2.628,56;3.718,71;5.560,20;13.267,78;82.736,10;163.982,25; -   ; -   ; -   ; -   ; -   ; -   ; -   ;6.351.491,36;11.606,52;2.392.021,08;10.886.104,29;46.415.088,11
Sek_14;162.332,31;27.628,97;544,53;257.228,09;504.340,70;120.547,71;31.677,94;21.116,74;13.345,27;318.441,18;190.688,44;47.239,80;453.074,11;5.846.721,00;577.090,02;318.332,26;16.149,24;358.448,21;167.961,59;452.998,16;27.440,11;228.953,85;183.983,84;364.741,75;30.062,27;39.492,37;24.271.516,19;247.189,16;477.598,95;165.334,91;844.020,11;4.928,55;7.903,05;7.311,87;2.890,49;164.222,68;9.837,14;6.446,14;8.503,26;2.435,35;4.446,17;1.180,92;1.501,71;1.413.110,46;1.716.948,94;3.716,75;54.141,75;45.308,65;6.942,13;20.182,08;36.379,54;437,11;13.650,96;80.714,00;404.925,76;8.928,56;426.893,57;1.786,14;9.848,39;7.415,45;76.454,08;13.013,32;64.869,33; -   ; -   ; -   ; -   ; -   ; -   ; -   ;3.371.577,33;13.445,94;1.730.199,02;6.993.931,13;53.502.667,49
Sek_15;78.231,09;2.488,44;1.655,41;297.306,89;151.079,15;121.018,29;69.312,54;52.895,78;53.319,74;76.509,53;135.219,38;15.723,14;646.302,69;382.080,52;13.721.261,01;10.088.730,76;224.289,15;5.668.260,13;4.987.197,26;5.994.639,83;567.097,08;2.420.842,66;804.391,18;276.295,13;44.944,42;98.903,22;19.154.598,67;58.198,32;495.258,59;261.107,61;329.968,96;28.085,42;35.268,44;46.619,47;4.376,75;101.887,31;2.381,21;2.282,06;10.218,94;2.517,85;5.506,50;1.244,37;1.036,01;57.095,07;49.563,92;4.497,93;57.028,64;2.927,64;18.438,21;40.048,53;34.560,53;214,31;7.714,84;44.940,17;73.481,66;10.511,82;19.350,90;1.634,82;2.109,60;5.201,58;2.542,80;29.859,12;73.126,03; -   ; -   ; -   ; -   ; -   ; -   ; -   ;596.615,41;9.862,56;3.130.084,10;47.337.176,12;119.129.137,22
Sek_16;83.191,95;8.847,61;4.620,71;128.976,29;510.413,39;321.290,17;95.198,44;45.719,76;17.391,61;16.730,35;215.697,68;10.222,00;386.461,68;131.776,40;809.526,66;2.441.374,31;178.714,01;1.026.977,50;1.149.437,20;1.229.207,28;195.021,22;701.513,71;365.822,83;18.863,01;18.743,72;43.526,68;10.527.062,95;154.726,29;317.439,63;685.243,76;901.525,91;4.776,62;13.116,73;36.114,76;3.475,06;41.105,37;32.595,30;4.436,22;51.075,25;3.864,23;8.249,73;1.164,68;2.041,46;346.106,56;423.566,36;7.053,82;19.817,62;1.300,27;4.042,75;12.581,83;16.025,79;195,4;10.094,27;33.893,27;821.240,73;15.081,13;69.560,95;1.999,19;18.423,76;8.374,33;15.846,01;86.818,85;24.816,69; -   ; -   ; -   ; -   ; -   ; -   ; -   ;3.672.342,53;23.320,37;15.234.107,08;12.747.587,82;56.557.477,51
Sek_17;18.804,54;1.194,26;241,05;6.807,45;25.623,55;17.970,35;1.602,81;3.328,16;3.718,41;2.790,55;9.190,22;1.510,86;12.749,10;7.546,46;7.949,53;39.273,52;795.710,85;253.509,55;59.183,97;226.477,07;10.969,83;14.865,16;74.708,33;64.530,75;3.994,46;5.916,05;179.262,85;16.646,57;34.149,03;49.110,00;36.302,78;1.352,89;3.341,34;2.249,22;2.342,11;9.471,71;4.231,08;32.693,87;134.002,32;32.359,31;11.827,59;643,97;610,82;6.048,74;6.706,47;7.991,93;18.588,70;8.128,17;7.295,79;6.153,34;1.223,66;152,44;3.625,21;153.313,07;42.180,68;16.734,41;189.502,30;1.507,51;8.907,71;3.749,05;2.250,41;131.583,50;6.620,96; -   ; -   ; -   ; -   ; -   ; -   ; -   ;7.757.729,42;14.343,39;10.411.339,52;4.387.071,95;25.413.512,63
Sek_18;35.969,85;842,86;2.658,52;39.977,15;92.222,05;103.891,30;7.381,64;11.867,86;13.249,86;8.783,06;34.279,56;4.495,49;78.826,41;68.021,34;95.445,46;267.771,05;463.323,96;2.399.082,97;548.659,52;876.358,19;82.791,53;90.434,59;302.314,83;188.225,91;12.913,44;14.805,30;3.650.785,56;125.079,55;266.528,23;359.212,22;119.915,43;5.944,76;9.879,73;17.517,38;5.873,55;158.808,05;8.524,01;9.690,96;132.958,78;13.151,71;25.270,84;2.966,21;5.120,20;290.223,79;341.425,17;31.332,98;37.908,03;3.275,89;49.536,38;29.632,23;22.598,63;2.188,36;21.314,73;92.847,58;294.557,76;18.977,77;72.594,38;2.788,78;7.774,84;10.438,64;1.964,78;279.977,47;86.678,17; -   ; -   ; -   ; -   ; -   ; -   ; -   ;11.594.903,21;36.146,20;12.204.270,89;17.241.390,47;53.536.568,03
Sek_19;115.489,18;7.369,11;5.721,66;67.332,55;122.957,82;96.794,79;11.622,46;19.508,90;7.443,82;11.463,02;32.828,80;15.757,44;76.530,58;77.466,33;108.086,24;214.420,66;87.588,72;480.863,68;890.229,65;912.146,45;60.791,60;82.285,97;99.608,43;12.310,21;7.503,33;24.156,19;1.609.074,78;119.398,28;90.639,93;69.175,38;139.072,57;5.853,37;18.005,13;30.242,34;3.762,32;40.020,58;2.923,19;2.076,01;10.779,14;6.419,76;12.383,97;1.325,06;2.137,03;66.759,16;78.240,75;4.347,46;8.101,91;1.551,25;3.622,41;10.028,23;4.319,27;176,45;11.394,08;18.727,67;82.064,03;12.157,83;89.613,11;1.580,36;2.365,09;11.400,83;3.089,20;50.872,60;12.979,69; -   ; -   ; -   ; -   ; -   ; -   ; -   ;1.619.769,85;28.641,43;38.748.517,05;14.430.402,76;61.112.288,90
Sek_20;232.946,50;5.160,65;381,45;20.899,38;75.411,70;101.042,44;6.665,24;10.578,08;4.204,87;2.680,42;19.913,71;4.134,60;72.141,11;31.220,10;58.711,30;136.788,89;38.132,62;97.775,55;576.769,98;6.842.015,65;47.521,83;63.755,59;32.374,31;6.166,97;6.242,61;8.387,24;630.026,84;1.687.444,76;67.236,70;72.775,82;771.098,09;1.696,51;3.970,66;8.604,58;4.824,85;15.389,85;2.162,31;1.226,01;5.310,40;3.562,36;8.384,61;997,75;1.235,74;29.357,36;35.058,70;3.259,42;4.323,00;460,98;2.033,93;1.458,15;7.687,76;126,94;3.395,39;11.541,13;75.459,80;3.314,76;31.537,38;928,96;1.474,64;2.607,90;19.517,10;9.474,71;10.417,70; -   ; -   ; -   ; -   ; -   ; -   ; -   ;23.190.893,51;46.113,45;28.279.369,05;29.032.694,43;92.590.476,77
Sek_21;3.675,26;626,69;9.830,15;25.354,83;40.016,70;41.208,61;4.390,97;6.607,31;2.546,99;5.005,62;6.733,47;2.525,28;24.669,46;29.479,24;18.218,94;21.177,54;5.937,86;11.189,30;24.069,99;37.520,81;334.186,76;33.603,66;205.534,29;1.377,98;3.530,68;3.604,10;61.367,06;23.165,89;31.740,62;20.297,64;85.365,47;10.448,25;29.317,11;10.533,07;329,44;16.607,96;685,18;1.272,92;8.815,71;103.593,36;18.092,41;1.275,89;2.407,58;6.538,12;3.919,40;2.083,07;993,82;595,49;2.055,78;307,09;552,08;48,59;1.162,69;4.045,33;52.549,42;5.129,98;35.815,25;1.031,61;1.344,02;2.018,73;230,56;4.487,72;1.290,65; -   ; -   ; -   ; -   ; -   ; -   ; -   ;826.748,08;19.607,22;10.843.759,37;3.325.179,38;16.469.431,52
Sek_22;70.437,12;1.123,07;1.625,80;11.155,16;69.237,54;268.783,05;88.358,55;13.385,80;5.164,06;3.689,77;24.400,98;7.085,74;40.106,28;38.326,57;23.425,78;62.327,72;11.789,55;55.383,15;82.131,57;44.152,82;31.750,85;2.586.024,96;80.344,69;3.733,86;3.649,69;6.531,86;1.171.658,38;16.923,18;65.422,99;105.381,93;48.851,98;1.750,60;8.983,11;3.341,71;2.444,43;23.053,80;5.592,72;5.719,83;11.936,19;6.331,72;19.519,92;2.565,02;3.812,37;27.082,02;31.527,60;3.724,39;9.861,00;4.372,03;41.010,84;13.667,26;1.842,76;277,9;5.542,18;26.300,89;166.136,56;66.840,76;2.355.646,52;20.887,77;21.118,70;41.025,72;14.596,10;40.585,43;133.659,96; -   ; -   ; -   ; -   ; -   ; -   ; -   ;21.839.046,80;92.992,61;10.977.773,31;7.527.435,15;48.600.370,18
Sek_23;29.526,56;906,83;156.210,26;387.324,51;562.667,34;599.346,17;62.346,89;97.679,54;41.329,53;72.152,18;84.832,79;36.145,69;352.921,30;449.650,46;246.435,74;242.486,30;53.777,00;109.505,18;190.123,41;210.666,39;32.627,85;100.737,40;56.041,47;1.528,13;52.573,39;46.367,05;492.372,88;51.646,47;330.434,93;239.768,64;180.186,87;97.495,31;267.860,71;146.833,83;2.176,99;244.557,87;10.922,95;16.579,51;127.441,01;30.227,13;262.126,10;17.321,19;37.016,03;60.530,28;10.490,01;25.058,42;15.472,90;8.951,70;24.913,14;3.019,92;4.834,02;282,13;4.870,95;58.741,51;40.985,12;76.562,76;486.532,95;15.266,02;18.541,87;25.047,55;1.650,84;8.824,47;3.700,07; -   ; -   ; -   ; -   ; -   ; -   ; -   ;406.039,20;3.234,78;4.626.923,69;167.824,91;12.929.176,98
Sek_24;1.031.312,55;14.469,26;5.712,09;901.606,06;1.677.454,93;3.072.912,16;374.504,16;355.922,24;185.676,54;197.346,76;722.327,42;148.692,78;1.163.608,98;2.635.819,27;4.595.717,73;742.455,00;52.131,28;380.444,27;466.117,73;536.445,70;63.884,46;261.372,59;98.741,75;59.867.020,33;931.957,59;155.941,84;751.481,08;275.638,44;924.671,16;3.161.811,57;400.697,96;20.556,38;12.638,52;268.994,95;46.128,19;1.968.911,56;32.051,01;142.066,99;508.684,38;63.730,35;524.305,37;15.991,14;57.233,02;2.223.415,77;190.384,72;253.187,46;145.677,71;18.924,62;97.726,46;27.984,54;14.329,93;9.897,75;61.462,90;89.630,88;2.401.879,46;1.543.190,83;1.339.097,11;83.059,93;107.400,36;277.270,29;110.087,68;87.368,01;148.383,47; -   ; -   ; -   ; -   ; -   ; -   ; -   ;25.206.687,50;1.333,57;115.258,52;462.188,09;124.831.015,12
Sek_25;338.635,41;20.346,37;394,8;6.669,31;99.121,87;63.164,72;8.457,39;97.067,08;7.224,00;7.071,73;38.101,06;3.573,23;27.137,12;35.317,30;154.933,65;35.928,71;2.433,29;13.849,38;16.249,34;13.957,83;2.726,27;17.447,61;2.309,88;9.610,19;56.976,21;67.923,40;115.059,64;27.365,16;102.058,07;138.911,60;24.552,35;1.770,51;2.444,83;12.384,56;3.481,41;167.598,07;1.635,33;3.788,96;16.850,92;3.233,65;29.056,14;6.427,90;4.356,65;143.952,24;125.629,52;10.470,80;5.556,90;1.556,77;2.494,52;1.470,39;2.755,23;161,33;2.200,87;6.923,96;311.349,78;198.619,50;204.758,13;15.807,19;26.831,65;47.495,46;11.904,34;6.866,14;31.990,32; -   ; -   ; -   ; -   ; -   ; -   ; -   ;3.923.230,64;710.355,21;-1.767,74;7.794,45;7.606.010,53
Sek_26;7.147,18;107,75;62,17;4.952,29;12.506,22;92.957,62;1.056,67;229.521,15;1.906,98;17.845,72;59.058,02;6.699,49;88.963,29;56.940,87;13.079.665,61;74.664,70;36.693,63;91.205,09;32.359,44;60.621,43;1.609,55;16.374,99;11.810,33;17.509,07;25.021,63;2.281.474,80;63.068,79;1.940,80;48.525,47;10.220,91;19.498,66;905,34;1.599,05;7.812,83;961,43;74.757,74;458,48;739,74;4.276,39;457,94;2.456,47;381,26;10.158,72;157.548,03;192.450,48;1.349,13;1.153,48;73,86;788,9;690,77;561,23;113,68;1.572,60;5.222,20;16.533,08;4.417,04;115.770,55;628,58;1.713,35;1.525,69;1.141,49;487,66;8.361,71; -   ; -   ; -   ; -   ; -   ; -   ; -   ;736.729,58;5.756.227,20;-235.998,40;793.534,66;24.119.552,24
Sek_27;500.146,42;23.279,57;17.861,93;251.273,51;642.025,08;470.007,72;118.010,68;55.049,14;49.178,36;396.465,69;208.295,82;43.931,72;213.192,46;798.626,39;649.422,71;331.132,87;81.023,24;194.894,24;198.906,32;217.063,51;69.252,02;315.738,71;104.740,81;748.030,85;362.385,28;1.682.309,09;48.410.369,32;200.487,29;1.107.478,80;2.244.992,55;720.238,26;42.881,50;76.208,44;79.620,99;57.427,14;607.373,18;40.382,78;84.215,73;529.133,85;44.569,76;168.711,37;51.982,01;71.702,40;1.596.066,15;1.848.399,84;146.013,78;489.379,42;22.917,03;73.101,16;107.919,02;34.212,52;15.971,65;108.830,66;200.503,22;4.716.997,81;427.206,73;534.847,04;99.737,51;140.034,74;700.041,02;54.658,30;155.239,96;54.933,21; -   ; -   ; -   ; -   ; -   ; -   ; -   ;5.202.595,51;61.846,60;232.123.175,82;4.083.669,69;316.278.317,93
Sek_28;119.148,56;40.457,01;278,11;182.902,04;278.338,54;213.457,73;51.029,39;39.601,37;18.812,71;3.394,55;72.771,59;20.301,58;224.262,89;358.956,74;59.971,56;114.771,15;16.698,84;119.132,49;320.940,64;2.361.489,31;48.111,10;65.820,52;22.731,97;60.763,13;33.502,43;143.993,86;1.343.448,60;930.837,32;1.194.120,58;670.300,21;3.658.623,43;28.740,49;27.902,17;184.777,37;140.060,88;189.295,56;17.487,67;13.214,20;33.249,01;19.411,86;221.020,98;24.144,28;34.882,55;23.949,16;5.325,02;67.146,95;98.947,30;6.532,17;33.515,12;5.514,98;179.615,73;1.800,86;16.848,67;84.251,64;682.942,15;48.876,82;97.853,33;20.413,68;12.582,30;13.674,25;46.473,94;40.657,37;13.079,42; -   ; -   ; -   ; -   ; -   ; -   ; -   ;11.443.628,52;3.667,95;4.536.772,62;213.890,65;31.421.117,56
Sek_29;4.137.573,53;51.492,81;71.528,88;637.792,60;7.471.938,21;5.975.688,62;453.868,53;576.291,43;252.837,47;627.002,98;1.293.625,79;348.806,50;1.403.462,80;1.689.290,82;2.117.929,24;1.470.143,77;549.947,75;1.969.575,47;1.347.933,36;2.224.316,61;206.249,05;2.264.167,40;420.773,79;525.637,99;62.877,96;228.305,75;9.470.051,56;614.237,47;1.776.966,60;1.812.322,99;5.272.998,86;333.952,11;1.198.676,56;334.520,33;118.338,25;2.853.481,70;76.078,61;64.861,08;257.156,77;112.465,97;203.999,94;40.696,27;41.736,71;715.524,21;789.282,22;189.853,75;210.262,03;24.041,32;158.410,11;89.534,95;56.014,44;9.568,24;160.632,35;516.045,04;1.705.927,34;322.064,40;1.348.067,52;75.196,52;47.407,17;142.449,06;111.732,70;226.513,54;533.461,35; -   ; -   ; -   ; -   ; -   ; -   ; -   ;24.001.375,42;2.354.586,76;18.266.495,73;9.730.816,81;124.746.863,85
Sek_30;1.506.387,50;11.842,49;24.928,54;247.728,37;2.902.980,43;2.582.420,85;181.987,36;224.052,75;98.253,01;254.776,90;493.154,23;127.950,50;534.393,42;678.091,92;901.801,89;610.290,60;223.316,31;809.305,05;543.150,00;702.885,21;80.080,74;920.121,43;169.517,13;205.703,78;24.732,71;93.153,19;3.767.437,00;172.909,28;658.006,06;651.636,42;1.973.711,26;116.303,74;455.147,80;122.648,08;47.199,04;1.094.848,78;26.035,81;26.158,16;233.740,27;36.949,50;81.133,74;15.727,36;17.649,60;289.972,17;317.939,33;69.370,94;62.905,65;9.473,51;51.372,82;31.499,04;21.502,43;3.796,94;88.320,80;210.076,03;687.726,83;130.040,49;472.005,41;29.784,83;30.141,74;57.666,89;41.981,66;89.711,69;206.420,97; -   ; -   ; -   ; -   ; -   ; -   ; -   ;104.606.360,81;3.096.766,83;7.781.987,09;1.094.399,24;144.131.472,34
Sek_31;2.929.274,05;63.785,29;22.292,71;1.442.957,96;5.866.074,34;2.746.435,06;324.328,79;749.553,75;244.919,17;696.753,71;1.189.382,47;234.076,52;1.175.659,78;1.797.949,89;3.837.174,05;1.673.523,91;221.845,61;1.310.664,03;1.298.452,76;1.954.546,34;164.966,67;1.033.284,98;322.770,11;445.335,24;50.655,23;547.231,01;6.124.854,23;647.086,20;6.605.233,09;3.173.465,03;32.348.704,79;372.985,09;383.797,35;942.390,47;652.037,29;1.170.470,06;179.781,70;110.128,07;244.416,71;73.269,74;113.475,26;29.501,77;70.188,66;317.070,67;335.011,80;173.677,23;182.718,38;16.431,99;763.762,22;85.079,34;107.385,85;55.449,84;383.726,23;325.428,86;2.531.570,96;1.877.679,78;584.030,78;35.710,65;131.904,09;92.735,74;82.270,15;158.685,22;342.906,95; -   ; -   ; -   ; -   ; -   ; -   ; -   ;79.710.075,06;556.530,05;6.010.056,39;19.321.597,65;199.767.174,84
Sek_32;139.329,80;1.245,90;4.944,63;67.404,21;187.573,27;125.250,42;9.778,58;24.323,54;3.471,01;202.956,21;210.552,35;27.397,91;201.683,14;108.188,09;423.092,49;142.552,15;7.156,16;70.395,39;66.049,11;99.582,56;27.307,26;31.858,65;34.544,58;70.467,13;2.933,84;12.182,78;217.455,54;18.925,73;1.246.133,45;101.035,17;1.168.803,48;1.242.045,85;249.274,91;943.056,31;7.682,27;27.197,09;630,21;1.206,98;3.541,88;2.425,22;5.232,48;1.424,29;1.006,87;15.356,10;10.834,75;10.204,11;3.206,75;678,35;236.533,01;1.486,59;2.574,72;220,25;10.893,89;7.828,81;115.836,42;8.779,45;12.341,51;1.332,85;1.482,81;190.746,11;5.969,27;3.511,28;8.486,09; -   ; -   ; -   ; -   ; -   ; -   ; -   ;1.168.265,71;3.253,13;268.979,90;5.653.970,58;15.282.071,37
Sek_33;3.480,75;7.804,09;5.175,33;9.060,72;14.892,57;26.298,85;3.465,17;3.395,40;381,31;654,02;16.040,51;16.008,84;9.923,84;5.490,97;4.329,05;14.888,25;1.430,54;35.485,72;16.299,17;20.070,56;10.238,56;6.260,79;7.385,55;3.545,70;43,61;701,31;17.999,37;22.737,60;162.030,58;29.319,86;200.215,68;22.128,13;1.247.064,88;29.344,82;130.571,84;3.440,39;1.356,46;10.515,19;3.610,48;16.369,54;173.465,24;5.196,91;1.477,26;8.937,76;163,73;59.592,41;29.644,27;3.407,75;14.122,56;1.631,84;111,39;560,38;1.066.266,12;52.566,82;348.769,32;34.256,28;41.934,87;17,59;2.566,35;39.519,71;60.159,52;1.097,57;580,13; -   ; -   ; -   ; -   ; -   ; -   ; -   ;15.241.333,45;88,97;136.502,54;4.178.615,79;23.642.042,55
Sek_34;53.562,50;16.298,70;44.967,52;187.799,53;626.358,17;263.209,98;48.498,19;82.446,31;35.601,26;146.651,22;484.247,13;38.201,15;195.323,06;141.062,61;247.754,12;126.039,46;15.183,75;137.466,95;66.972,20;116.303,81;35.269,73;49.159,91;21.860,91;35.210,30;2.537,95;99.958,96;432.720,51;226.784,32;2.642.226,89;508.968,53;4.813.924,90;2.476.565,29;1.340.232,45;2.872.158,52;215.857,24;44.119,53;4.911,93;6.809,69;21.557,50;11.456,75;110.948,29;9.960,59;1.936,65;58.266,08;50.894,50;20.885,29;12.951,34;862,97;47.995,99;7.828,26;8.739,06;1.834,80;380.245,83;38.147,49;254.334,07;17.405,90;25.975,24;1.087,21;18.422,22;49.843,75;33.065,00;40.330,62;61.857,32; -   ; -   ; -   ; -   ; -   ; -   ; -   ;1.330.940,75;4.355,56;144.747,70;4.385.658,23;26.055.760,14
Sek_35;1.150,97;4.100,69;532,86;16.827,81;77.016,50;181.697,25;8.821,87;14.212,86;26.515,31;3.829,07;43.715,23;12.337,80;45.762,16;32.888,54;30.013,18;46.030,14;12.255,00;42.902,40;46.649,00;14.432,10;6.084,87;73.791,77;15.956,88;17.935,33;859,75;13.167,46;92.129,41;126.627,62;1.001.772,18;1.273.004,75;309.078,12;32.024,38;32.874,70;125.424,15;275.622,25;30.896,51;67.709,27;11.498,74;259.960,33;23.737,24;213.759,63;29.682,49;47.238,37;8.368,49;2.483,30;95.257,07;29.266,77;790,03;17.379,89;41.683,54;32.911,40;9.937,47;131.435,71;61.131,41;152.426,21;57.043,32;20.157,12;1.491,44;3.315,06;16.056,81;46.586,48;43.029,42;43.490,88; -   ; -   ; -   ; -   ; -   ; -   ; -   ;2.504.118,31;216,06;10.991,56;219.455,89;8.291.550,59
Sek_36;30.147,44;16.126,93;4.005,24;60.535,57;272.775,14;235.047,36;22.321,32;38.530,92;29.033,50;22.341,02;74.182,41;51.029,08;76.111,82;82.075,89;113.577,80;137.001,79;13.714,88;134.490,35;126.924,95;85.837,62;34.943,07;67.758,14;53.362,33;36.365,63;1.870,05;66.374,79;370.813,19;159.419,27;1.204.986,42;616.510,90;316.035,82;6.787,35;93.332,92;108.063,20;35.060,31;716.641,71;29.863,73;51.301,03;92.963,96;100.079,90;328.753,08;56.975,81;61.121,89;54.313,25;11.253,99;156.337,39;145.304,48;25.397,10;65.813,64;28.496,53;4.545,89;12.532,65;3.923.317,31;327.256,25;597.298,85;326.485,67;592.941,28;64.268,16;61.996,04;94.001,75;157.035,92;36.407,94;35.508,92; -   ; -   ; -   ; -   ; -   ; -   ; -   ;73.380.016,81;16.718,15;29.315,86;1.701.678,33;88.083.437,68
Sek_37;11.514,51;1.056,42;234,93;5.455,27;88.776,14;83.013,60;6.073,65;32.969,20;64.054,46;3.669,26;32.110,08;7.802,95;18.547,06;22.912,20;11.562,68;23.364,51;23.157,00;60.118,64;32.544,34;25.055,82;3.722,21;58.786,91;2.657,56;6.593,65;1.527,20;2.728,82;59.869,59;127.093,19;350.585,98;379.529,83;48.574,11;4.576,57;8.237,38;31.523,77;15.241,18;54.198,52;200.665,90;28.786,76;99.429,55;69.047,45;108.341,87;22.031,69;50.901,78;21.226,75;2.178,72;34.612,37;25.424,24;855,17;603.820,82;12.808,98;2.210,37;5.291,31;76.603,15;31.794,68;179.038,76;229.387,55;35.936,24;5.898,12;20.959,52;9.644,02;22.228,28;12.944,84;11.789,90; -   ; -   ; -   ; -   ; -   ; -   ; -   ;2.996.467,54;263.385,74;60.823,22;161.207,96;7.115.182,39
Sek_38;589,92;52,42;16,05;1.738,40;155.955,05;17.672,76;495,32;68.051,59;9.558,31;8.598,49;77.455,33;5.408,35;12.298,58;21.432,06;20.552,32;13.625,32;32.356,25;134.989,03;16.875,92;31.967,61;1.534,46;10.331,23;2.274,82;3.754,43;275,58;1.615,88;17.082,92;20.424,13;290.802,51;202.821,43;7.840,56;730,71;1.806,15;2.751,36;13.120,68;48.810,02;110.517,27;2.160.736,56;339.443,83;59.396,82;119.144,02;13.846,71;14.703,65;3.521,35;726,79;21.646,74;2.250,18;65,94;2.514.809,01;1.475,41;2.208,53;1.456,90;18.612,73;26.762,61;52.517,33;11.045,63;19.279,49;575,89;36.667,32;6.325,82;32.735,12;1.562,73;1.777,61; -   ; -   ; -   ; -   ; -   ; -   ; -   ;886.567,17;1.401.539,17;19.007,01;54.540,19;9.191.131,52
Sek_39;117.719,62;21.820,39;7.803,36;26.326,15;142.520,06;214.884,31;13.542,54;28.007,21;29.975,90;6.873,80;55.334,83;22.300,69;63.405,43;54.379,90;42.781,93;79.489,00;14.462,23;47.240,93;86.219,52;59.882,44;8.543,94;65.398,93;16.754,52;47.934,97;10.312,63;37.037,84;299.605,16;209.662,39;913.944,67;939.864,78;273.385,16;32.785,93;23.200,38;71.191,31;39.133,22;219.285,46;67.921,62;51.012,79;5.249.479,23;175.045,18;852.461,95;76.741,50;110.899,03;61.696,79;19.496,33;252.783,28;55.235,05;4.141,17;95.260,59;27.179,77;7.972,25;16.361,64;71.813,27;157.619,82;788.521,96;131.988,74;289.527,24;11.349,29;35.002,72;51.768,00;135.296,71;61.623,70;217.002,17; -   ; -   ; -   ; -   ; -   ; -   ; -   ;26.279.926,41;31.794,15;698.247,53;114.996,30;40.543.177,78
Sek_40;12.745,49;764,94;183,5;69.345,88;276.938,98;201.353,73;26.659,60;47.917,27;22.959,42;24.870,39;118.917,89;19.274,30;115.350,46;75.779,01;216.833,70;74.860,49;16.548,02;70.975,81;54.585,73;107.052,24;19.806,38;87.694,93;45.726,93;282.810,44;17.092,41;140.562,27;184.015,52;83.771,11;677.290,39;1.206.066,50;305.874,63;46.868,64;16.623,93;56.359,56;19.378,00;115.421,65;106.039,19;56.151,78;210.352,86;459.372,97;596.856,27;58.658,03;30.112,49;19.233,32;2.684,54;154.575,82;21.841,55;5.757,02;135.019,81;27.733,10;11.160,13;12.777,95;360.446,82;47.728,33;89.609,29;49.298,31;1.165.322,93;10.286,56;32.318,21;13.431,24;14.891,95;78.052,32;280.296,46; -   ; -   ; -   ; -   ; -   ; -   ; -   ;384.937,02;94.940,04;6.061.281,97;59.460,13;15.509.908,47
Sek_41;295.119,99;11.315,10;3.897,20;259.355,68;1.272.573,25;1.413.920,00;105.573,88;152.943,70;92.370,55;272.459,48;360.928,74;105.492,18;381.276,73;504.266,27;829.404,39;406.955,75;111.788,64;420.882,84;365.631,74;593.457,37;86.065,07;420.818,99;149.549,08;2.056.374,22;52.339,44;179.548,72;2.413.719,82;431.289,55;2.506.637,33;2.187.427,62;2.291.012,02;156.365,97;370.435,87;317.732,43;63.236,71;637.568,28;50.959,49;66.541,23;433.178,82;105.629,86;5.687.400,86;832.061,88;251.829,54;1.011.444,30;1.169.145,00;181.023,15;165.280,77;8.559,77;162.807,98;61.010,40;71.935,76;22.954,67;311.978,73;227.041,46;733.972,07;469.919,79;555.056,86;31.483,77;89.463,69;354.723,96;351.973,78;51.707,81;79.067,87; -   ; -   ; -   ; -   ; -   ; -   ; -   ;26.535.624,77;4.413,57;171.237,70;1.533.078,60;64.062.242,48
Sek_42;44.287,02;181,81;6.742,15;83.497,70;183.607,71;152.903,90;24.743,79;41.383,38;21.263,62;30.148,77;82.830,54;23.513,92;71.119,28;141.646,37;136.802,39;90.841,38;16.230,45;101.183,45;99.948,49;77.166,77;31.016,17;43.998,94;13.201,27;415.075,94;5.203,63;34.700,19;467.410,23;217.757,11;507.250,08;322.583,48;580.592,43;63.697,76;104.290,20;95.699,06;28.374,19;116.400,51;14.576,06;14.275,02;100.912,75;24.547,05;146.708,28;1.353.461,54;24.597,93;69.965,54;57.540,76;62.120,66;28.981,44;2.492,62;10.043,56;796,95;68.285,88;3.336,71;6.243,65;40.666,54;139.314,78;45.926,45;108.123,70;4.415,81;18.553,35;26.367,29;2.794,66;24.528,84;7.860,45; -   ; -   ; -   ; -   ; -   ; -   ; -   ;4.721.443,57;623,4;19.421,16;1.248.650,58;12.874.871,05
Sek_43;22,26;2,38;0,05;36.947,67;172.779,36;47.489,00;10.019,04;16.893,07;2.062,55;2.350,16;58.841,05;3.811,50;28.593,24;53.595,21;28.992,09;27.956,26;674,26;320.006,59;31.122,89;2.282,56;4.461,75;63.625,98;1.743,23;36.297,54;2.696,68;6.027,12;75.948,57;53.102,94;371.941,04;159.764,80;64.840,40;8.599,87;140.738,90;37.249,71;8.193,37;20.700,92;18.915,75;2.889,21;60.532,85;31.299,32;204.616,63;2.676.452,08;188.676,95;70.461,26;5,39;67.526,91;8.988,96;24,28;2.828,16;10.343,20;1.695,29;1.840,38;32.821,79;11.096,05;54.207,30;91.803,14;103.101,75;1.286,53;3.779,14;13.412,17;52,23;3.769,79;22.656,35; -   ; -   ; -   ; -   ; -   ; -   ; -   ;1.956.277,86;64,49;22.184,47;298.909,74;7.862.893,45
Sek_44;73.384,54;782,07;4.234,78;132.628,96;646.374,26;2.089.302,97;66.664,25;190.430,27;309.898,74;119.281,15;237.922,11;72.664,07;388.370,90;276.186,55;230.719,69;409.812,17;40.647,93;228.214,82;303.015,11;92.921,15;39.231,81;558.388,79;71.377,38;237.982,19;10.159,01;140.377,15;1.107.400,97;806.338,88;3.531.398,95;11.374.210,52;1.254.460,88;88.351,96;163.262,13;910.213,19;455.033,97;3.762.919,77;92.976,78;237.406,58;922.381,70;195.026,42;2.168.071,39;316.548,59;329.535,23;1.672.679,76;450.354,19;585.390,87;257.165,54;40.381,18;324.652,79;96.116,62;46.017,22;39.738,89;107.481,11;421.042,85;836.105,75;737.995,09;1.424.880,92;137.291,68;132.652,59;374.280,19;146.334,28;194.140,89;470.684,18; -   ; -   ; -   ; -   ; -   ; -   ; -   ;36.982.575,42;14.598,06;21.619,27;38.498,55;80.239.188,64
Sek_45; -   ; -   ; -   ; -   ; -   ; -   ; -   ; -   ; -   ; -   ; -   ; -   ; -   ; -   ; -   ; -   ; -   ; -   ; -   ; -   ; -   ; -   ; -   ; -   ; -   ; -   ; -   ; -   ; -   ; -   ; -   ; -   ; -   ; -   ; -   ; -   ; -   ; -   ; -   ; -   ; -   ; -   ; -   ; -   ; -   ; -   ; -   ; -   ; -   ; -   ; -   ; -   ; -   ; -   ; -   ; -   ; -   ; -   ; -   ; -   ; -   ; -   ; -   ; -   ; -   ; -   ; -   ; -   ; -   ; -   ;87.465.958,71; -   ; -   ; -   ;87.465.958,71
Sek_46;2.713,47;2.945,34;8.750,41;221.238,11;455.786,67;697.812,29;79.649,41;140.573,63;169.298,31;144.373,72;351.087,27;109.155,24;259.982,92;294.368,56;237.647,94;339.252,57;48.967,81;266.106,23;246.016,80;270.284,62;41.762,93;272.302,18;88.582,36;349.386,38;27.761,18;72.571,93;1.533.247,23;731.892,97;1.629.952,65;1.973.127,93;704.137,25;54.895,33;94.313,04;250.890,24;51.823,89;550.739,93;58.918,47;62.422,63;349.852,66;239.692,86;1.486.591,06;118.269,90;149.770,40;120.525,91;40.934,09;794.716,11;253.956,00;23.258,39;240.573,28;103.187,52;40.817,83;33.165,98;149.158,05;310.592,54;762.969,81;113.899,23;1.060.048,34;20.702,09;42.586,55;137.670,27;444.068,50;90.311,23;419.049,98; -   ; -   ; -   ; -   ; -   ; -   ; -   ;3.721.811,44;1.059,35;214.260,84;19.464,17;24.397.704,21
Sek_47;10.950,60;2.198,44;1.055,21;141.640,49;53.541,45;64.754,17;17.304,04;18.805,74;2.796,16;9.676,77;29.306,53;5.377,90;30.569,44;38.245,80;23.447,26;43.532,37;34.384,94;39.638,97;37.341,73;47.111,15;43.886,82;26.234,03;57.006,34;48.400,55;24.162,19;24.037,13;4.925.983,28;44.737,42;261.165,76;557.787,04;466.529,38;6.560,14;3.927,11;11.554,71;6.049,90;71.679,44;20.173,09;6.140,14;58.155,96;7.054,76;12.893,64;11.828,77;2.556,68;165.826,34;177.027,31;193.358,44;1.352.337,63;383,68;5.871,50;23.895,77;4.684,81;470,53;9.900,86;63.878,73;605.464,55;29.694,49;74.760,58;30.103,10;10.178,72;28.105,13;139.867,05;14.259,08;22.551,11; -   ; -   ; -   ; -   ; -   ; -   ; -   ;382.165,87;36.888,19;3.455.842,19;165.040,43;14.342.739,58
Sek_48;11,37;2,48;0,04;207,96;384,82;301,31;48,16;76,79;25,55;39,47;178,34;24,8;173,49;123,44;304,09;128,02;32,25;113,71;95,46;164,79;62,64;171,78;107,52;418,08;41,23;198,46;4.353,50;139,32;1.091,14;2.056,74;771,11;64,53;18,05;74,65;28,23;199,09;147,23;76,24;304,62;624,92;805,51;87,48;39,42;150,14;139,81;367,32;1.170,07;10,81;164,93;54,26;18,36;17,07;482,28;98,33;573,43;70,57;1.650,08;37,19;40,63;36,32;132,16;112,9;398,07; -   ; -   ; -   ; -   ; -   ; -   ; -   ;490,82;47.100,34;764.702,04;210,85;832.546,61
Sek_49;7.465,03;10.855,02;1.959,02;10.419,44;949.724,95;82.945,93;1.810,30;177.332,58;42.928,98;28.804,63;331.952,45;56.427,72;74.018,18;113.629,36;39.406,52;48.130,81;67.891,46;449.800,33;109.595,33;143.091,93;9.304,84;115.961,18;3.157,97;18.265,97;2.283,77;13.180,57;190.189,09;465.392,75;2.335.523,12;1.175.413,98;110.933,78;1.732,94;230.911,47;22.812,64;41.532,55;219.114,33;273.723,92;437.795,93;707.696,74;385.076,49;1.037.928,49;134.666,34;53.168,80;51.262,36;26.741,40;93.979,19;35.718,44;217,38;3.305.446,24;14.741,35;15.211,32;15.174,24;176.507,06;62.143,69;188.711,23;97.197,39;155.325,93;4.959,16;425.788,83;83.394,96;200.699,30;92.591,01;244.496,61; -   ; -   ; -   ; -   ; -   ; -   ; -   ;242.599,49;101.832,19;33.225,00;112.055,09;16.513.976,47
Sek_50;497.044,24;180,52;101,8;19.597,83;38.479,26;64.851,63;2.869,88;7.198,85;2.378,72;1.963,26;46.802,25;10.725,40;24.331,99;40.911,94;22.582,24;48.045,53;10.969,75;28.880,55;17.301,43;53.697,54;2.636,20;22.591,22;6.788,26;39.334,85;18.319,69;8.722,26;151.668,41;11.444,13;239.257,90;378.019,38;18.105,94;7.796,18;5.023,68;14.504,58;6.930,17;60.696,37;16.044,65;4.490,94;19.373,51;60.646,97;87.444,20;15.491,63;281,07;47.961,41;1.213,44;105.718,23;156.867,62;17.159,92;15.002,62;560.945,48;400,64;3.368,09;4.369,06;24.677,45;26.838,64;18.282,30;64.113,74;791,9;121.389,08;94.361,98;66.844,27;1.047,12;752,41; -   ; -   ; -   ; -   ; -   ; -   ; -   ;1.303.811,61;1.836,89;23.149,15;13.463,20;4.808.893,02
Sek_51;6.117,02;1.660,45;236,22;175.794,81;85.946,79;61.351,78;5.378,52;19.848,22;19.156,21;6.451,76;28.129,77;67.138,29;30.887,13;107.347,36;23.767,08;39.275,56;6.044,92;39.441,04;15.513,08;32.736,88;9.032,29;19.797,03;12.947,35;52.498,11;50.124,04;68.780,54;814.054,26;63.452,30;434.311,98;102.875,16;322.760,81;36.778,19;144.872,95;80.301,66;81.804,36;55.098,19;11.155,17;101.479,96;178.006,17;33.401,39;33.286,32;35.705,89;13.358,76;19.666,64;320,42;82.974,64;30.568,42;6.339,63;84.925,75;4.137,76;125.842,28;3.703,33;74.241,27;66.933,60;535.541,84;52.133,86;66.180,33;3.927,32;82.823,29;14.755,75;21.156,02;5.807,41;16.659,10; -   ; -   ; -   ; -   ; -   ; -   ; -   ;904.554,20;288,87;35.465,72;36.424,90;5.803.478,10
Sek_52;1.315,79;35,4;38,17;47.312,12;54.998,70;85.120,55;4.824,46;12.447,88;10.430,67;4.862,31;17.828,17;13.116,76;83.642,95;31.699,56;51.648,89;32.115,28;4.267,30;21.703,87;25.234,70;36.570,84;10.200,59;18.067,99;3.788,63;15.464,30;8.940,59;11.812,58;120.256,88;26.287,32;158.776,30;128.528,10;52.696,88;3.750,92;48.997,96;26.751,78;52.017,44;72.316,64;4.007,63;5.835,41;31.002,04;25.095,38;16.224,16;884,06;4.647,11;11.769,83;4.695,11;27.718,18;17.483,94;748,61;12.193,96;2.220,84;866,65;19.463,63;6.735,88;118.952,99;34.481,95;39.797,79;327.929,88;4.704,11;4.600,56;10.132,09;3.173,20;15.523,81;8.203,13; -   ; -   ; -   ; -   ; -   ; -   ; -   ;34.202,65;44,22;6.836,81;5.992,64;2.104.037,52
Sek_53;2.262,88;42,18;50,13;8.018,79;26.503,50;2.624,77;200,03;800,5;1.460,42;591,78;14.160,35;1.961,10;1.289,98;2.931,52;4.264,87;5.082,20;3.991,95;3.261,61;1.464,11;1.400,25;267,79;43.057,24;2.828,09;4.247,60;910,61;3.197,37;23.518,23;3.260,06;19.550,03;108.857,00;16.203,96;2.365,90;130.316,39;20.461,71;1.877,21;76.178,24;468,38;7.349,53;4.478,78;1.803,90;3.929,92;3.361,58;460,18;1.928,93;1.339,76;1.913,76;2.739,32;115,88;4.662,16;476,31;1.883,82;133,57;736.833,75;16.220,26;28.712,92;2.598,57;6.128,12;380,69;23.016,60;30.764,26;848,04;274,84;835,25; -   ; -   ; -   ; -   ; -   ; -   ; -   ;15.745.343,68;2.983,99;6.098,55;1.351.833,47;18.529.379,11
Sek_54;280.597,24;5.012,82;1.726,50;152.718,87;879.753,64;689.235,12;47.162,48;83.052,98;78.464,80;30.367,72;202.791,68;397.088,76;163.525,41;317.545,27;241.150,51;282.431,13;38.149,98;216.943,35;255.990,46;315.846,18;55.247,67;177.399,91;58.236,40;341.257,69;149.428,11;978.441,42;1.730.626,51;262.957,28;1.437.637,07;2.139.729,24;997.206,46;78.522,46;97.199,77;471.692,98;150.036,33;451.087,06;109.253,83;112.673,67;1.129.182,48;98.171,58;706.944,49;78.790,59;92.681,21;1.151.266,62;983.292,38;299.746,93;174.618,45;3.846,69;83.170,62;134.721,92;15.460,21;27.367,39;352.589,28;1.187.264,48;4.073.145,69;1.075.535,59;2.451.899,99;171.818,42;449.020,78;400.813,73;302.037,91;61.112,34;109.716,71; -   ; -   ; -   ; -   ; -   ; -   ; -   ;4.368.858,18;82.633,37;124.686,62;177.075,55;34.845.658,96
Sek_55;250.628,36;13.636,79;3.824,20;54.060,00;261.127,52;229.557,82;19.382,93;92.555,84;31.500,72;25.978,09;112.274,86;20.675,94;74.578,10;88.442,04;137.710,63;104.908,74;20.362,08;79.515,38;59.636,56;62.173,51;15.482,91;78.047,28;14.631,99;323.237,63;55.207,64;67.508,36;717.468,06;154.408,10;787.596,23;1.216.597,68;676.059,67;178.863,18;122.943,11;273.998,23;76.174,12;330.435,28;79.183,43;42.271,58;247.435,32;73.585,28;226.112,05;416.541,91;97.118,36;200.790,27;110.639,39;82.914,98;117.485,52;4.815,40;368.966,18;54.786,65;9.200,71;5.169,40;134.206,72;63.541,50;933.404,03;317.338,34;400.431,54;21.453,94;64.481,08;132.173,83;58.751,10;23.474,95;63.118,67; -   ; -   ; -   ; -   ; -   ; -   ; -   ;12.723.828,87;87.492.197,75;1.675.443,17;441.168,89;113.513.220,39
Sek_56;2.523,56;497,03;41,14;11.288,06;42.869,33;18.570,18;1.130,66;10.701,88;8.172,34;6.846,45;12.802,09;21.679,18;14.112,62;13.931,47;13.469,78;11.652,20;9.630,92;27.617,91;15.526,84;57.939,81;4.276,31;10.946,14;4.240,79;12.217,67;1.860,19;4.361,09;18.276,78;34.216,31;139.681,68;89.345,23;35.869,56;3.182,48;86.574,59;13.269,41;4.326,06;19.568,46;14.019,20;2.962,07;22.883,38;23.030,02;178.621,28;10.252,52;82.294,98;7.032,53;4.801,87;78.165,70;83.842,13;2.716,85;17.144,29;9.599,77;474,4;1.084,05;15.499,40;58.587,43;1.176.406,91;775.828,28;48.275,06;13.944,35;13.083,96;29.938,97;50.435,35;3.506,04;4.880,72; -   ; -   ; -   ; -   ; -   ; -   ; -   ;16.361.972,89;49.658.786,94;4.698.143,62;8.392,83;74.239.823,98
Sek_57;622,95;10,19;7,61;809,14;3.498,91;4.979,53;322,85;582,42;248,41;279,94;1.782,09;337,22;1.651,31;933,52;2.261,83;884,49;175,84;823,67;634,59;1.176,97;234,74;979,03;3.133,37;2.859,69;219,72;1.657,00;4.939,90;941,63;7.081,25;12.825,52;3.478,26;464,19;185,29;677,77;239,55;1.778,66;983,44;569,02;2.299,58;4.468,32;18.694,84;12.259,97;315,6;676,6;452,07;1.685,69;952,85;59,84;1.189,65;325,82;116,56;130,4;3.597,46;843,97;14.411,04;762,33;4.357.836,05;168,5;395,76;17.613,86;32.393,14;776,48;2.795,10; -   ; -   ; -   ; -   ; -   ; -   ; -   ;11.306.596,67;51.949.503,50;60.987,66;112.188,24;67.969.769,06
Sek_58;105,59;12,74;2,18;172,45;1.634,21;391,13;29,05;142,45;42,13;93,28;197,22;324,19;194,05;243,83;241,06;268,21;120,48;403,15;279,38;750,04;70,17;152,67;80,09;175,07;44,12;231,42;821,69;474,71;2.069,62;1.340,66;921,85;45,45;1.007,35;254,34;77,93;525,05;72,7;58,79;453,52;246,45;2.155,75;128,48;947,45;304,99;240,52;955,37;1.009,48;39,46;182,32;128,51;8,08;14,84;1.630,36;944,26;14.071,68;8.965,94;1.993,62;206,49;233,48;451,84;701,27;39,25;47,17; -   ; -   ; -   ; -   ; -   ; -   ; -   ;2.856.483,71;1.572.867,31;337,08;1.056,06;4.480.915,19
Sek_59;4.000,15;77,2;8,2;1.655,89;6.907,60;3.644,65;194,08;1.020,54;378,46;147,04;5.532,40;943,68;5.233,26;6.994,30;783,74;1.382,22;976,77;3.452,92;946,18;3.309,36;185,68;2.285,32;840,38;4.707,65;611,8;1.468,35;9.184,71;3.019,72;16.237,20;11.744,60;21.810,76;475,83;1.242,10;1.476,28;2.724,74;132.365,47;2.242,00;232.422,77;4.710,16;3.053,40;3.308,70;5.785,84;899,64;8.293,07;903,03;4.485,39;1.700,23;176,47;10.739,83;3.971,56;892,53;132,13;54.812,19;37.443,28;15.942,34;14.349,58;27.233,49;325,17;1.254.571,93;20.378,10;1.492,58;175,5;459,13; -   ; -   ; -   ; -   ; -   ; -   ; -   ;10.113.673,54;2.118.934,08;264.025,34;6.360,02;14.471.862,21
Sek_60;516,37;45,14;11,68;3.557,32;51.780,04;1.626,81;118,83;11.001,68;1.618,70;5.945,70;10.140,59;7.265,30;4.992,27;4.422,38;3.143,55;9.743,55;1.368,91;2.711,58;2.979,19;7.372,59;745,5;4.601,46;289,67;3.774,83;245,87;1.509,32;5.427,10;14.743,78;108.846,57;61.687,00;3.821,86;9.100,80;14.262,35;3.156,64;1.798,11;28.189,73;4.196,50;139.108,91;119.295,43;13.662,93;1.618,27;592,21;297,77;2.688,09;1.212,63;11.129,14;4.059,32;46,89;302.956,78;1.190,39;590,75;291,66;6.438,38;5.110,03;19.172,51;7.764,38;37.824,92;376,75;276.081,63;362.905,73;807,62;138,3;209,96; -   ; -   ; -   ; -   ; -   ; -   ; -   ;4.983.910,77;2.419.178,60;1.792,63;10.885,17;9.128.097,79
Sek_61;78.998,75;71,39;58,75;7.173,97;47.897,88;63.094,43;3.456,82;9.213,39;8.131,73;19.562,38;16.680,29;4.956,31;15.473,20;18.958,28;37.079,17;50.596,39;2.310,44;16.916,98;20.203,51;21.911,70;2.716,13;21.869,22;7.509,79;12.365,49;24.501,66;5.065,14;49.531,67;59.416,05;226.529,26;515.390,10;218.270,91;3.477,66;13.670,26;71.935,79;10.243,61;103.281,35;3.448,82;10.417,43;33.217,66;5.860,74;109.292,46;10.981,54;34.422,43;29.311,74;6.973,51;67.273,40;46.140,58;1.130,75;11.056,58;17.603,03;2.810,23;4.564,15;338.990,33;16.061,45;21.579,55;23.559,61;31.830,28;2.997,78;2.996,68;13.453,97;567.633,49;18.635,83;13.102,55; -   ; -   ; -   ; -   ; -   ; -   ; -   ;3.380.918,48;4.551.341,96; -   ; -   ;11.166.126,88
Sek_62;1.284,21;598,76;118,01;7.931,29;52.164,90;71.472,04;8.806,95;9.908,81;5.401,00;297,47;22.221,01;4.329,01;28.089,42;19.170,98;14.704,90;23.643,98;1.453,17;15.002,52;12.593,90;30.095,96;3.028,58;10.950,63;1.856,29;28.105,29;1.561,53;2.415,99;41.771,30;11.328,50;205.342,84;157.840,69;20.657,82;12.907,35;6.973,25;21.994,26;3.283,71;77.401,52;1.997,13;2.112,30;67.324,91;51.817,94;1.884,25;8.220,31;11.553,91;7.476,67;1.650,88;15.451,11;7.000,16;364,49;9.509,33;2.941,58;4.332,44;146,08;6.804,27;9.462,07;10.190,73;14.424,68;59.822,20;4.926,21;1.532,10;10.902,68;29.243,03;46.368,01;33.449,91; -   ; -   ; -   ; -   ; -   ; -   ; -   ;6.945.272,03;490,28;20.532,55;3.766,67;8.327.678,74
Sek_63;477,37;59,65;2.853,04;232,71;1.341,26;4.228,08;73,19;1.143,69;115,3;48,88;772,75;574,3;7.560,47;474,32;380,67;424,41;59,77;331,41;383,27;484,74;85,21;276,59;95,39;564,96;220,52;1.437,57;2.755,94;60.191,95;2.251,11;11.847,99;9.206,68;123,42;140,88;690,89;220,47;49.519,85;181,09;7.762,79;1.672,25;259,99;1.173,53;218,63;139,87;1.667,63;1.412,71;483,02;276,07;9,32;147,39;281,34;23,63;42,73;616,51;4.129,33;7.909,98;1.559,90;17.612,84;249,72;1.020,52;3.804,55;94.141,68;106,33;7.704,58; -   ; -   ; -   ; -   ; -   ; -   ; -   ;12.608.425,71;16.526,03;1.602,65;1.359,86;12.944.170,89
Sek_64; -   ; -   ; -   ; -   ; -   ; -   ; -   ; -   ; -   ; -   ; -   ; -   ; -   ; -   ; -   ; -   ; -   ; -   ; -   ; -   ; -   ; -   ; -   ; -   ; -   ; -   ; -   ; -   ; -   ; -   ; -   ; -   ; -   ; -   ; -   ; -   ; -   ; -   ; -   ; -   ; -   ; -   ; -   ; -   ; -   ; -   ; -   ; -   ; -   ; -   ; -   ; -   ; -   ; -   ; -   ; -   ; -   ; -   ; -   ; -   ; -   ; -   ; -   ; -   ; -   ; -   ; -   ; -   ; -   ; -   ;781.733,27; -   ; -   ; -   ;781.733,27
EMEK;3.783.047,14;496.878,15;212.858,76;4.791.290,44;12.133.189,12;19.542.182,60;1.162.293,91;1.631.742,88;1.279.658,75;683.754,87;2.713.290,18;1.951.392,89;4.912.340,63;6.104.529,11;5.078.089,22;6.617.976,21;1.215.552,34;4.656.081,98;5.109.876,32;5.997.340,33;1.442.910,68;4.425.259,25;1.378.047,33;3.587.281,60;1.219.840,49;2.483.815,86;30.121.344,44;5.030.040,42;24.179.662,65;25.659.691,17;11.491.306,99;1.114.685,58;3.174.714,52;5.041.930,21;2.349.418,87;17.395.311,36;1.129.171,46;1.826.912,19;4.017.593,95;3.362.182,15;15.693.023,38;1.289.119,45;2.819.671,33;2.088.811,20; -   ;4.977.628,97;3.004.285,47;274.513,79;2.241.287,05;272.743,26;316.910,01;821.368,73;919.082,44;15.267.159,92;60.276.920,85;45.608.649,44;29.446.534,07;1.178.690,22;1.499.887,39;2.328.305,34;5.125.426,08;882.486,80;959.043,05;781.733,27; -   ; -   ; -   ; -   ; -   ; -   ; -   ; -   ; -   ; -   ;438.577.768,51
SERMAYE;114.496.119,39;3.089.554,16;2.676.684,44;12.293.387,04;29.595.231,12;29.898.497,01;2.847.514,31;3.807.064,09;2.133.242,08;2.604.597,88;9.614.489,84;1.489.224,81;6.575.200,03;12.500.836,40;10.050.218,26;12.468.974,59;1.781.378,81;4.415.656,87;6.698.708,37;6.720.047,66;1.911.494,74;10.087.820,46;4.778.750,33;17.307.772,93;3.490.520,62;8.156.865,01;86.072.244,35;11.862.957,06;45.166.542,45;63.316.724,45;85.696.185,03;5.599.010,22;2.420.337,85;8.935.241,50;1.784.879,57;24.302.660,78;1.769.157,22;1.693.620,51;14.805.857,11;8.697.361,23;22.162.557,39;1.539.781,74;2.448.434,03;59.495.515,34;72.328.658,94;12.738.208,18;4.906.818,50;90.349,51;2.467.615,51;1.899.811,43;3.950.349,95;854.268,48;4.474.238,60;10.246.145,68;12.957.658,42;16.311.129,82;8.989.779,40;1.733.802,07;7.984.279,25;1.508.367,89;1.623.370,95;3.346.248,73;4.278.320,12; -   ; -   ; -   ; -   ; -   ; -   ; -   ; -   ; -   ; -   ; -   ;941.948.340,51
GELİR VERGİSİ; -   ; -   ; -   ; -   ; -   ; -   ; -   ; -   ; -   ; -   ; -   ; -   ; -   ; -   ; -   ; -   ; -   ; -   ; -   ; -   ; -   ; -   ; -   ; -   ; -   ; -   ; -   ; -   ; -   ; -   ; -   ; -   ; -   ; -   ; -   ; -   ; -   ; -   ; -   ; -   ; -   ; -   ; -   ; -   ; -   ; -   ; -   ; -   ; -   ; -   ; -   ; -   ; -   ; -   ; -   ; -   ; -   ; -   ; -   ; -   ; -   ; -   ; -   ; -   ; -   ; -   ; -   ; -   ; -   ; -   ; -   ; -   ; -   ; -   ; -   
SEKTÖR ÜRÜN VERGİ;-397.746,00;42.997,04;-168.296,71;10.797.961,70;27.852.552,75;4.471.655,32;488.987,05;1.283.148,95;126.728,36;43.504.393,07;6.270.851,70;1.570.675,15;1.079.523,35;1.362.396,03;7.660.552,45;1.760.707,17;3.318.900,16;3.940.152,96;2.660.187,91;13.292.833,14;1.843.266,20;2.988.291,56;80.149,70;3.239.658,32;182.518,57;2.166.204,99;6.766.562,23;417.850,98;1.680.980,55;516.505,33;1.802.295,53;46.715,58;1.519.167,69;131.154,92;344.742,69;3.930.415,37;457.974,47;133.543,70;7.224.719,95;72.821,22;8.461.794,02;2.195.682,09;235.673,16;288.087,54; -   ;841.861,55;144.214,11;188,3;407.788,05;38.969,74;28.118,69;11.025,47;1.113.933,25;582.504,10;459.499,78;357.247,90;813.793,19;75.881,50;695.250,83;314.885,68;4.281,68;296.365,54;427.599,11; -   ; -   ; -   ; -   ; -   ; -   ; -   ; -   ; -   ; -   ; -   ;184.259.346,41
ÜRETİM VERGİ;186,26;2.333,05;2.361,76;64.585,60;205.452,33;208.958,26;19.328,06;25.444,37;15.209,64;27.973,17;58.201,53;40.841,50;60.941,69;125.280,17;128.177,71;80.564,10;10.045,06;47.849,07;57.952,58;73.935,97;21.718,35;47.697,36;17.256,86;189.728,32;5.276,47;23.540,07;1.239.553,17;146.423,72;472.845,09;489.012,30;544.058,00;197.418,12;69.867,12;87.021,36;16.865,80;236.394,96;8.729,03;70.387,13;363.371,28;18.888,28;1.882.575,10;10.844,46;13.464,42;60.396,69;1.485.948,03;71.760,71;338.654,03;2.792,92;21.421,77;9.970,46;96.916,43;2.715,28;39.847,41;70.449,03;677.433,79;35.129,93;139.990,06;3.398,92;4.659,37;11.471,29;14.174,72;15.106,93;34.325,86; -   ; -   ; -   ; -   ; -   ; -   ; -   ; -   ; -   ; -   ; -   ;10.565.122,28
ÜRETİM SÜBVANSİYON;-3.067.130,60; -   ; -   ;-31.798,68;-10.820,31;-4.718,71;-401,15;-659,17;-307,2;-1.760,21;-1.507,17;-348,28;-1.624,90;-1.709,23;-3.734,70;-1.709,31;-352,17;-1.561,47;-1.333,05;-2.347,61;-267,65;-991,5;-214,2; -   ; -   ; -   ; -   ; -   ; -   ; -   ;-792.732,87; -   ; -   ; -   ; -   ; -   ; -   ; -   ; -   ; -   ;-1.745.182,88; -   ; -   ; -   ; -   ; -   ; -   ;-5.250,00; -   ; -   ; -   ; -   ; -   ; -   ; -   ; -   ; -   ; -   ; -   ; -   ; -   ; -   ; -   ; -   ; -   ; -   ; -   ; -   ; -   ; -   ; -   ; -   ; -   ; -   ;-5.678.463,02
HANEHALKI; -   ; -   ; -   ; -   ; -   ; -   ; -   ; -   ; -   ; -   ; -   ; -   ; -   ; -   ; -   ; -   ; -   ; -   ; -   ; -   ; -   ; -   ; -   ; -   ; -   ; -   ; -   ; -   ; -   ; -   ; -   ; -   ; -   ; -   ; -   ; -   ; -   ; -   ; -   ; -   ; -   ; -   ; -   ; -   ; -   ; -   ; -   ; -   ; -   ; -   ; -   ; -   ; -   ; -   ; -   ; -   ; -   ; -   ; -   ; -   ; -   ; -   ; -   ; -   ; -   ; -   ; -   ; -   ; -   ; -   ; -   ; -   ; -   ; -   ; -   
DEVLET; -   ; -   ; -   ; -   ; -   ; -   ; -   ; -   ; -   ; -   ; -   ; -   ; -   ; -   ; -   ; -   ; -   ; -   ; -   ; -   ; -   ; -   ; -   ; -   ; -   ; -   ; -   ; -   ; -   ; -   ; -   ; -   ; -   ; -   ; -   ; -   ; -   ; -   ; -   ; -   ; -   ; -   ; -   ; -   ; -   ; -   ; -   ; -   ; -   ; -   ; -   ; -   ; -   ; -   ; -   ; -   ; -   ; -   ; -   ; -   ; -   ; -   ; -   ; -   ; -   ; -   ; -   ; -   ; -   ; -   ; -   ; -   ; -   ; -   ; -   
TASARRUF; -   ; -   ; -   ; -   ; -   ; -   ; -   ; -   ; -   ; -   ; -   ; -   ; -   ; -   ; -   ; -   ; -   ; -   ; -   ; -   ; -   ; -   ; -   ; -   ; -   ; -   ; -   ; -   ; -   ; -   ; -   ; -   ; -   ; -   ; -   ; -   ; -   ; -   ; -   ; -   ; -   ; -   ; -   ; -   ; -   ; -   ; -   ; -   ; -   ; -   ; -   ; -   ; -   ; -   ; -   ; -   ; -   ; -   ; -   ; -   ; -   ; -   ; -   ; -   ; -   ; -   ; -   ; -   ; -   ; -   ; -   ; -   ; -   ; -   ; -   
DIŞ DÜNYA (İTHALAT);11.383.441,24;75.864,78;183.303,84;6.878.747,44;20.476.861,53;25.839.680,36;1.878.702,17;5.383.613,37;1.672.277,03;35.717.960,91;15.354.977,91;7.047.523,78;14.307.809,48;6.130.712,06;45.631.910,06;12.093.676,25;15.122.271,36;18.648.695,06;30.192.342,26;36.455.739,21;8.429.192,74;10.336.369,50;1.882.806,30;27.543.241,27;234.965,39;3.045.574,14;21.742.653,80;2.670.083,71;6.294.301,49;4.542.227,40;14.040.981,88;1.268.532,56;3.495.043,86;1.304.181,04;324.649,30;3.971.699,26;717.839,30;913.750,41;733.749,24;324.656,56;784.259,08;1.154.430,69;121.219,81;3.370.194,63;1.830.046,50;423.195,70;723.128,38;94.611,04;852.534,87;364.320,92;167.666,21;21.033,74;1.402.401,16;1.299.485,38;3.913.342,64;773.261,22;3.760.277,37;141.290,33;248.077,47;350.040,76;320.190,25;880.509,90;1.036.835,96; -   ; -   ; -   ; -   ; -   ; -   ; -   ; -   ; -   ; -   ; -   ;448.324.963,27
TOPLAM;188.773.941,06;4.307.948,67;3.799.255,91;45.173.484,27;184.867.389,51;162.637.486,82;12.558.265,37;20.497.088,59;9.408.458,41;93.942.856,07;50.520.264,81;15.757.206,81;46.415.088,14;53.502.667,55;119.129.137,31;56.557.477,53;25.413.512,60;53.536.568,04;61.112.288,85;92.590.476,80;16.469.431,59;48.600.370,22;12.929.176,98;124.831.015,13;7.606.010,53;24.119.552,23;316.278.317,84;31.421.117,56;124.746.863,78;144.131.472,32;199.767.174,82;15.282.071,27;23.642.042,55;26.055.760,19;8.291.550,50;88.083.437,73;7.115.182,41;9.191.131,54;40.543.177,75;15.509.908,44;64.062.242,48;12.874.871,04;7.862.893,44;80.239.188,59;87.465.958,67;24.397.704,25;14.342.739,61;832.546,60;16.513.976,49;4.808.892,92;5.803.478,10;2.104.037,54;18.529.379,15;34.845.659,06;113.513.220,37;74.239.823,97;67.969.769,09;4.480.915,13;14.471.862,22;9.128.097,89;11.166.126,82;8.327.678,77;12.944.170,90;781.733,27; -   ; -   ; -   ; -   ; -   ; -   ;1.025.098.745,96;223.401.702,48;444.282.343,87;325.214.285,85;5.294.819.673,05
